期号,红球1,红球2,红球3,红球4,红球5,红球6,蓝球,奖池奖金,一等奖注数,一等奖奖金,二等奖注数,二等奖奖金,总投注额,开奖日期
26005,1,20,22,27,30,33,10,2821524165,4,10000000,66,400264,387903486,2026/1/11
26004,3,7,8,9,18,32,10,2782271788,4,8704419,128,144703,361167416,2026/1/8
26003,5,6,9,21,28,30,16,2761523177,3,10000000,130,190247,352267432,2026/1/6
26002,1,5,7,18,30,32,2,2717326577,12,6797096,119,226524,377330734,2026/1/4
26001,2,6,11,12,13,33,15,2718022399,4,9520395,154,146766,348080190,2026/1/1
25151,8,9,14,22,28,30,4,2688298050,6,7732391,125,163943,369383528,2025/12/30
25150,6,13,17,19,24,31,8,2673213583,7,7756937,208,115976,388447078,2025/12/28
25149,1,2,4,6,22,30,10,2655142533,13,6418616,130,177327,355328424,2025/12/25
25148,3,4,9,10,15,22,16,2669426999,8,7480485,139,178452,353582370,2025/12/23
25147,1,3,5,8,22,33,8,2654856315,21,5719540,118,160067,392695744,2025/12/21
25146,5,7,12,24,26,28,2,2718302859,9,7076977,192,121697,365633358,2025/12/18
25145,11,12,15,18,25,32,14,2711897665,15,6220919,89,257216,356306424,2025/12/16
25144,1,8,15,20,26,33,13,2736534730,18,6211544,180,151443,379272340,2025/12/14
25143,2,9,12,13,15,24,3,2766563293,7,8038443,81,328226,357498010,2025/12/11
25142,2,13,15,23,27,31,16,2743073255,3,10000000,79,317297,353205678,2025/12/9
25141,2,4,5,10,12,13,6,2697873796,10,7082448,112,232416,390055596,2025/12/7
25140,1,3,4,12,18,24,5,2690606470,4,9980899,126,197654,362437084,2025/12/4
25139,2,5,17,22,30,33,6,2655816573,3,10000000,142,154433,358264332,2025/12/2
25138,10,13,14,23,24,27,15,2620027948,2,10000000,78,326226,396317254,2025/11/30
25137,2,8,11,23,27,29,5,2563690940,12,6227322,114,161489,364942202,2025/11/27
25136,8,10,14,23,28,32,12,2583189299,43,5467124,101,248593,361034006,2025/11/25
25135,1,2,5,9,25,32,10,2742951835,7,7811499,104,236544,400247838,2025/11/23
25134,3,5,9,13,26,29,12,2723830474,12,6386866,123,169130,374640566,2025/11/20
25133,5,14,17,19,20,33,7,2738063876,21,5571098,148,101292,363914948,2025/11/18
25132,4,8,10,21,23,32,11,2810082951,8,7322334,135,172024,409235610,2025/11/16
25131,3,13,14,18,24,31,3,2798991596,8,7835944,98,289382,385122072,2025/11/13
25130,1,5,8,14,19,23,6,2776600809,14,5638811,183,61088,377466594,2025/11/11
25129,3,4,7,13,20,30,3,2822006563,16,6390891,194,143390,403899176,2025/11/9
25128,2,10,18,19,24,27,1,2840807340,7,6365206,142,84123,371066844,2025/11/6
25127,3,9,15,17,19,28,3,2849527123,8,6934963,128,151169,360915142,2025/11/4
25126,2,12,13,16,19,25,10,2846957929,7,8140985,100,274836,399441700,2025/11/2
25125,3,9,12,13,26,32,9,2821493961,17,5742924,248,63657,358732158,2025/10/30
25124,1,2,18,19,21,33,13,2871762236,14,6708770,154,194178,354991248,2025/10/28
25123,7,9,23,24,25,26,10,2875974569,11,6848170,166,153086,386747886,2025/10/26
25122,16,18,19,20,25,31,13,2875067397,6,8503343,151,174007,363694232,2025/10/23
25121,6,8,10,25,29,30,8,2847262236,13,5876512,174,81858,354466956,2025/10/21
25120,1,2,4,7,13,32,7,2880926922,1,10000000,47,508032,385873150,2025/10/19
25119,6,9,23,26,28,32,11,2819294293,11,6119693,564,27297,364080712,2025/10/16
25118,1,10,11,16,24,26,3,2840423562,6,8065036,80,287347,357347556,2025/10/14
25117,6,8,17,20,25,33,10,2819850462,9,7503776,177,159138,389301568,2025/10/12
25116,2,4,8,24,28,31,9,2802882002,3,7424040,62,146615,363037044,2025/10/9
25115,2,3,8,19,24,30,2,2797883669,39,5465649,604,37583,330722178,2025/10/7
25114,1,20,21,25,26,27,10,2942942799,7,7433630,87,244761,306235982,2025/10/5
25113,8,10,13,15,24,31,16,2931095408,4,10000000,122,242380,376311750,2025/9/30
25112,3,9,11,13,20,32,2,2882384020,4,10000000,118,213163,398243350,2025/9/28
25111,9,14,18,28,31,33,12,2846924292,4,9473106,67,333813,366420958,2025/9/25
25110,1,5,11,14,16,19,8,2817720121,6,7963794,67,331768,364932922,2025/9/23
25109,5,6,9,17,18,31,3,2798817511,12,6182854,190,93383,398851460,2025/9/21
25108,1,9,14,17,22,33,7,2819783316,5,8303235,129,160040,359262232,2025/9/18
25107,2,3,10,15,25,33,13,2799363828,3,10000000,144,173697,352042890,2025/9/16
25106,4,5,17,22,26,30,4,2754326369,8,7761349,265,104201,383828310,2025/9/14
25105,4,7,18,24,26,28,8,2733576679,5,7802184,160,109460,357186846,2025/9/11
25104,2,5,15,16,24,32,16,2720046642,2,10000000,138,204798,348590986,2025/9/9
25103,13,16,21,25,28,31,16,2655260007,3,10000000,116,282173,385480320,2025/9/7
25102,4,9,16,17,18,31,7,2587063782,12,5969509,136,106931,351383918,2025/9/4
25101,5,8,9,10,16,21,5,2615069983,5,8116321,107,182028,350895240,2025/9/2
25100,12,16,17,25,30,31,16,2597220563,11,7099632,107,269812,383791808,2025/8/31
25099,9,11,15,17,22,26,14,2588706689,2,10000000,155,193182,353036232,2025/8/28
25098,5,8,13,17,18,29,2,2518876889,22,5510882,269,52227,348777356,2025/8/26
25097,3,5,16,23,26,31,14,2597968523,2,10000000,178,161344,380958632,2025/8/24
25096,7,9,11,12,16,29,15,2531810580,1,10000000,165,148472,350353036,2025/8/21
25095,15,16,22,23,26,32,4,2468316703,8,7368773,78,303688,347483168,2025/8/19
25094,11,13,17,19,23,29,16,2456203693,8,7778083,196,141738,378464962,2025/8/17
25093,9,11,12,24,25,26,10,2435085847,12,6161412,136,128096,356349402,2025/8/14
25092,2,11,14,17,23,24,12,2456759248,7,7508266,110,199521,350909082,2025/8/12
25091,3,4,17,19,25,27,14,2443475122,8,7525259,114,221513,381527438,2025/8/10
25090,6,11,12,21,27,28,15,2427919422,51,5406061,197,131403,358843770,2025/8/7
25089,4,6,8,18,31,33,5,2625969286,5,8555036,82,270963,346126366,2025/8/5
25088,1,3,13,18,21,25,6,2602087534,4,10000000,68,404098,378870024,2025/8/3
25087,2,6,14,15,24,26,8,2559651509,3,9688475,105,167445,350994188,2025/7/31
25086,2,6,8,10,17,24,6,2535971590,16,5994098,118,168491,345276906,2025/7/29
25085,11,14,15,18,21,24,13,2572231246,17,6339546,93,306079,373432674,2025/7/27
25084,6,8,10,14,24,33,15,2594607446,6,8609555,120,225597,350903250,2025/7/24
25083,10,15,16,17,27,29,12,2565049782,8,7106890,145,145302,352801672,2025/7/22
25082,4,6,9,14,32,33,11,2558698192,4,9506526,120,187771,378156970,2025/7/20
25081,3,6,18,20,23,28,5,2529126398,6,8415835,149,171938,353894972,2025/7/17
25080,3,7,8,10,16,19,5,2502765112,13,6390774,180,125556,350614738,2025/7/15
25079,8,11,14,15,30,32,5,2518044933,6,8447936,107,241677,380647944,2025/7/13
25078,6,15,17,30,32,33,14,2491153983,0,0,111,237198,350559496,2025/7/10
25077,4,7,8,15,20,21,15,2412167034,9,7448353,153,180025,354913968,2025/7/8
25076,2,6,9,12,14,30,8,2396570293,4,7403293,189,63579,380376886,2025/7/6
25075,10,12,14,19,20,21,15,2390134063,12,6293619,175,110881,356433094,2025/7/3
25074,3,4,12,20,32,33,13,2407444608,5,9211242,78,337439,357617458,2025/7/1
25073,2,7,10,27,30,33,11,2374540018,19,5914846,164,132485,388648778,2025/6/29
25072,2,14,17,25,27,29,5,2421739287,8,7489467,121,205741,359396990,2025/6/26
25071,1,12,18,23,25,28,7,2406971013,3,10000000,110,196923,357410052,2025/6/24
25070,2,3,15,21,22,33,6,2371986371,5,8940684,219,112462,388014508,2025/6/22
25069,2,4,19,23,27,30,5,2342801953,3,10000000,93,293223,367456356,2025/6/19
25068,5,7,8,19,20,31,7,2290992555,24,5500308,291,51578,356576372,2025/6/17
25067,1,5,10,17,20,22,5,2377972199,13,6200625,157,124268,389127714,2025/6/15
25066,6,22,24,27,28,30,4,2400049823,10,6441022,94,191625,366359214,2025/6/12
25065,6,10,13,14,15,20,11,2410421705,4,8851267,106,181663,357848508,2025/6/10
25064,2,10,13,22,29,33,16,2388057766,10,7204019,133,207144,389225746,2025/6/8
25063,2,19,21,22,28,30,1,2377447244,12,7110664,77,411168,366105242,2025/6/5
25062,6,8,9,13,25,31,14,2367795314,6,8384899,115,220754,353685018,2025/6/3
25061,6,7,9,10,11,32,9,2341944468,6,7568637,134,143766,366761624,2025/6/1
25060,6,14,18,25,28,30,1,2329561958,2,10000000,149,186489,358070626,2025/5/29
25059,4,10,11,12,13,24,1,2266201070,4,9759733,220,108175,357078086,2025/5/27
25058,2,6,7,9,10,20,6,2233844001,10,6759537,225,97752,393500536,2025/5/25
25057,4,9,15,16,25,30,14,2235456730,22,5814433,869,25773,362960216,2025/5/22
25056,1,2,10,14,28,31,3,2296183528,7,7790128,81,301402,366700300,2025/5/20
25055,2,5,22,27,29,33,12,2277473550,3,10000000,67,411621,396605082,2025/5/18
25054,5,7,10,21,24,27,16,2224737559,1,10000000,176,163217,374131396,2025/5/15
25053,6,9,10,13,30,33,7,2148558912,5,8240120,100,202507,367998390,2025/5/13
25052,6,7,10,17,20,26,9,2129007256,27,5520724,161,109158,390015600,2025/5/11
25051,1,2,3,4,17,22,1,2225343467,12,6678989,194,129818,365959336,2025/5/8
25050,9,12,15,18,22,33,16,2229936825,15,6373049,140,183890,366315720,2025/5/6
25049,3,6,19,27,29,33,11,2248298531,10,6194553,130,114860,359533236,2025/5/4
25048,16,21,22,23,27,31,10,2265448315,1,10000000,57,376639,326832578,2025/5/1
25047,1,14,21,22,23,31,12,2211042881,4,10000000,174,152770,364051920,2025/4/29
25046,2,3,10,16,29,33,1,2171296641,6,9453057,77,433739,399679256,2025/4/27
25045,2,14,19,24,29,33,13,2127821193,1,10000000,68,439210,373242104,2025/4/24
25044,2,3,7,8,14,28,11,2048222162,11,6794761,123,200633,373270898,2025/4/22
25043,3,12,16,19,20,32,13,2048930620,8,7088604,133,157037,409814910,2025/4/20
25042,7,13,19,23,27,33,12,2042981318,4,10000000,169,158989,385795918,2025/4/17
25041,6,10,17,19,25,31,6,2002373802,8,6972893,114,173060,377141604,2025/4/15
25040,2,6,8,9,10,24,11,1998970150,34,5493186,170,123296,399308858,2025/4/13
25039,8,10,12,15,17,23,11,2122857171,5,8314352,111,186618,381434232,2025/4/10
25038,6,19,20,23,26,33,9,2102284821,7,6616319,119,118847,378571560,2025/4/8
25037,3,6,11,20,21,31,2,2106170670,10,7139219,160,167126,406066676,2025/4/6
25036,5,11,13,16,19,32,7,2097342123,3,10000000,82,269951,372292440,2025/4/3
25035,1,8,16,18,25,31,1,2060934078,6,8732214,141,198522,375726786,2025/4/1
25034,5,8,13,14,24,26,12,2029352539,8,7066451,163,126776,400660020,2025/3/30
25033,3,5,18,25,26,33,8,2023890601,11,6214385,101,165324,379779720,2025/3/27
25032,3,8,10,14,16,21,3,2042155440,6,7944765,227,97294,374535064,2025/3/25
25031,1,5,6,8,23,28,1,2023566815,18,6040821,186,125905,419594048,2025/3/23
25030,4,6,7,30,31,33,6,2062046163,5,9287344,113,237131,395500258,2025/3/20
25029,5,15,16,25,30,33,16,2028095174,11,7159104,146,203340,393060268,2025/3/18
25028,4,9,14,15,18,25,15,2017782256,1,10000000,154,193255,417970572,2025/3/16
25027,5,7,8,15,16,23,6,1938498165,13,6419699,211,109337,394720204,2025/3/13
25026,9,10,12,14,19,32,7,1952743893,7,7683139,66,355719,392951650,2025/3/11
25025,12,15,21,23,25,30,2,1936093458,6,8975261,91,327631,429174194,2025/3/9
25024,10,11,22,27,30,32,15,1900501646,6,8868303,169,171670,390568100,2025/3/6
25023,9,12,13,24,25,33,7,1866674645,11,6103914,169,89815,386827864,2025/3/4
25022,11,17,18,20,28,30,10,1888281245,4,10000000,80,372332,439339144,2025/3/2
25021,7,8,16,18,25,32,14,1838921415,21,6057831,226,122867,406699544,2025/2/27
25020,4,11,13,16,26,30,15,1882831619,11,6958943,317,84969,397475096,2025/2/25
25019,5,13,17,18,22,23,11,1878573590,5,9446148,168,165407,426478858,2025/2/23
25018,3,9,18,21,28,29,11,1842439055,14,6438850,149,168992,389691430,2025/2/20
25017,4,12,15,18,28,29,5,1857043294,4,10000000,115,226470,385907866,2025/2/18
25016,2,3,12,16,20,29,14,1818910823,7,8917598,162,211598,422332862,2025/2/16
25015,4,11,15,24,25,33,15,1778497050,25,5807839,344,73386,381850646,2025/2/13
25014,6,7,9,13,21,27,5,1847958110,10,6143205,111,128739,376048608,2025/2/11
25013,4,14,16,23,24,30,14,1866519971,8,7973397,124,239790,400862420,2025/2/9
25012,7,11,13,18,27,31,11,1841105218,6,8641191,132,206885,384392632,2025/2/6
25011,6,13,17,22,24,29,11,1811025553,6,9443761,202,164991,460490078,2025/1/26
25010,4,6,7,16,17,21,8,1767703481,38,5347610,129,127996,385376562,2025/1/23
25009,2,4,11,12,23,25,6,1921378198,14,6272287,334,66661,375791606,2025/1/21
25008,9,14,16,17,25,33,11,1942395126,2,10000000,155,216873,419205612,2025/1/19
25007,7,8,14,18,21,27,11,1861548871,3,10000000,113,197325,388819806,2025/1/16
25006,1,7,8,17,20,22,6,1824655469,16,6058887,328,64566,388340672,2025/1/14
25005,10,16,19,27,28,30,9,1858064417,13,5996460,139,116492,424386010,2025/1/12
25004,3,7,17,27,29,32,4,1887440945,9,6908281,118,181933,391221400,2025/1/9
25003,10,19,20,26,28,29,15,1885210987,7,8424488,135,221957,396515706,2025/1/7
25002,9,12,13,15,22,26,11,1854289576,2,10000000,116,233876,439670530,2025/1/5
25001,2,3,17,18,22,33,16,1792900594,108,5234395,204,155114,404437376,2025/1/2
24151,5,10,16,19,29,32,4,2263285189,14,6744515,193,158181,428356574,2024/12/31
24150,13,14,20,22,26,32,2,2266121359,5,10000000,63,512774,434694410,2024/12/29
24149,3,9,16,17,18,22,16,2219207042,6,8684808,133,207789,411127632,2024/12/26
24148,2,6,15,16,21,23,11,2188407705,7,8367239,85,346627,412346050,2024/12/24
24147,5,11,13,16,21,30,10,2158588347,6,8463788,120,216486,438660552,2024/12/22
24146,2,4,11,22,27,32,10,2131435845,24,5730487,359,61043,413166618,2024/12/19
24145,1,3,16,22,23,30,3,2203223647,11,6873666,121,212916,451419346,2024/12/17
24144,2,9,11,17,20,30,11,2201545229,17,6315172,315,88721,491869822,2024/12/15
24143,2,5,11,22,30,33,10,2225060896,8,7936178,226,129919,463226948,2024/12/12
24142,4,6,13,21,22,25,6,2200464970,14,5840382,178,82621,441190576,2024/12/10
24141,1,2,7,15,24,29,12,2238110251,20,6385169,188,184198,481535824,2024/12/8
24140,4,7,8,17,22,26,15,2261925902,5,9931134,180,171219,459136590,2024/12/5
24139,15,16,20,22,23,29,14,2219122799,11,7433686,97,344981,456605906,2024/12/3
24138,2,7,11,21,27,28,2,2200503777,20,6031367,307,83987,491074898,2024/12/1
24137,4,9,10,19,26,27,12,2243778557,70,5291924,855,29875,446966366,2024/11/28
24136,3,11,15,21,25,26,3,2537583064,8,7126819,131,162352,429233698,2024/11/26
24135,5,11,17,18,30,31,13,2530793029,19,6358348,256,126018,465732500,2024/11/24
24134,2,4,13,16,18,20,16,2554819300,2,10000000,103,347603,439880754,2024/11/21
24133,1,11,15,27,30,33,1,2467409931,22,6215178,128,261073,432267736,2024/11/19
24132,1,4,25,27,28,33,3,2503891643,6,9262921,87,367493,471463176,2024/11/17
24131,4,5,11,15,20,32,13,2463553435,15,6477046,236,117350,435463406,2024/11/14
24130,1,8,12,17,19,24,16,2477625267,9,8258734,135,271561,439889754,2024/11/12
24129,9,10,13,19,24,32,1,2441971585,16,6564961,120,260826,479114118,2024/11/10
24128,1,8,13,18,20,26,16,2453113294,2,10000000,118,275714,445426800,2024/11/7
24127,2,5,13,20,27,32,10,2375510386,5,10000000,165,200294,438566712,2024/11/5
24126,14,18,23,24,26,33,10,2326364768,8,7899383,69,420200,473613616,2024/11/3
24125,1,4,13,18,26,30,3,2302578322,9,7049350,419,55024,351905686,2024/10/31
24124,2,14,15,17,25,30,11,2296856893,4,8675507,80,229719,346613892,2024/10/29
24123,2,15,22,26,30,33,4,2276426310,7,7811149,84,292828,375813786,2024/10/27
24122,5,7,9,16,17,29,15,2257311684,10,6842408,228,101009,352551896,2024/10/24
24121,1,7,10,13,27,33,3,2256645443,12,6509256,68,332924,341159894,2024/10/22
24120,1,5,7,11,18,19,7,2266839986,15,5809161,183,82905,364140764,2024/10/20
24119,2,9,26,27,31,32,14,2308462079,4,10000000,72,421211,343140726,2024/10/17
24118,2,3,4,6,11,15,14,2257480299,5,9295085,64,419441,342882326,2024/10/15
24117,3,12,14,16,29,32,12,2223422878,4,9643552,113,205466,376451952,2024/10/13
24116,1,15,20,22,31,32,3,2192343800,2,10000000,66,377266,352746618,2024/10/10
24115,3,10,11,19,27,28,7,2137644946,29,5193979,178,39504,341744330,2024/10/8
24114,7,11,18,24,27,32,4,2267175046,6,8359466,250,100783,354097454,2024/10/6
24113,4,5,23,24,26,31,11,2241743848,1,10000000,65,352996,377101508,2024/9/29
24112,8,11,16,25,29,32,3,2182909574,9,6945481,163,134274,348744958,2024/9/26
24111,1,4,11,12,22,30,16,2179758898,11,6770241,178,136746,339434250,2024/9/24
24110,4,13,17,23,25,33,14,2181209099,4,10000000,69,376070,368550846,2024/9/22
24109,3,4,24,28,29,33,9,2143362495,9,6920631,72,300098,343699030,2024/9/19
24108,1,8,9,23,24,30,8,2140826873,8,6743322,139,125418,323582976,2024/9/17
24107,1,6,8,13,17,19,9,2142473782,18,5505283,90,126320,354933898,2024/9/15
24106,3,8,11,22,31,33,4,2207462227,11,6945786,208,128627,347018184,2024/9/12
24105,2,5,17,19,29,33,4,2203602195,6,7983113,62,360860,342083742,2024/9/10
24104,5,16,23,24,26,29,4,2184380821,10,6546611,206,93847,373660982,2024/9/8
24103,12,21,23,27,32,33,15,2191849007,8,7570038,115,223481,346931426,2024/9/5
24102,9,15,18,21,22,25,1,2175308161,5,8500888,197,111068,344796788,2024/9/3
24101,8,12,15,17,19,30,8,2152170943,11,6191911,103,159114,374345806,2024/9/1
24100,13,14,19,20,27,30,5,2171115625,3,10000000,79,279912,348781408,2024/8/29
24099,4,12,17,24,26,27,16,2134776394,9,7097651,92,256506,344108040,2024/8/27
24098,3,8,10,20,30,31,2,2127859521,9,7358066,171,155135,381156802,2024/8/25
24097,4,10,12,13,18,30,3,2114497370,3,10000000,40,661419,354395754,2024/8/22
24096,2,4,14,18,23,27,13,2065127017,4,10000000,203,125916,352522568,2024/8/20
24095,4,6,9,14,16,21,3,2028443682,17,5582857,199,62239,385134230,2024/8/18
24094,6,13,17,22,25,27,9,2086195097,57,5000000,273,6000,350072302,2024/8/15
24093,1,5,7,11,12,15,12,2371195097,4,10000000,148,170570,348127806,2024/8/13
24092,3,8,11,12,18,29,5,2335461640,14,6068073,234,79877,370253242,2024/8/11
24091,13,15,16,19,20,24,10,2364340809,2,10000000,88,317304,356693206,2024/8/8
24090,7,11,17,24,31,32,12,2300572454,7,7608042,85,268474,350631612,2024/8/6
24089,3,6,9,15,18,31,1,2285367632,12,6626327,166,146957,380044140,2024/8/4
24088,3,8,10,17,30,32,10,2291698840,3,10000000,135,157988,354401976,2024/8/1
24087,3,9,18,19,20,26,11,2257713590,59,5228549,131,128667,346836290,2024/7/30
24086,17,19,20,23,25,31,2,2515631484,3,10000000,61,341471,369996636,2024/7/28
24085,1,5,15,21,23,27,15,2483142282,5,9820923,106,284252,345948072,2024/7/25
24084,1,8,10,13,19,29,13,2441854586,5,9498987,98,286925,347931710,2024/7/23
24083,3,9,14,29,32,33,15,2404993508,8,7801042,101,277330,378567992,2024/7/21
24082,1,2,13,16,17,29,16,2383370581,3,10000000,89,276317,350123408,2024/7/18
24081,1,6,12,17,23,25,4,2339593701,11,6976154,501,54235,351219750,2024/7/16
24080,6,11,12,27,29,30,13,2334815017,9,7278585,197,130122,375983952,2024/7/14
24079,2,3,6,7,16,26,4,2323420019,10,6615076,324,62310,351442404,2024/7/11
24078,5,9,14,21,22,26,12,2329005428,17,5673644,171,83713,342123330,2024/7/9
24077,1,4,6,14,17,22,8,2382512560,5,7552556,92,173407,369020954,2024/7/7
24076,3,22,24,27,29,32,15,2372414911,2,10000000,80,329957,348856354,2024/7/4
24075,3,5,8,18,22,28,1,2313225143,18,5938531,320,65990,345694980,2024/7/2
24074,7,8,10,22,24,32,7,2356767829,5,7000481,90,138922,375016018,2024/6/30
24073,3,9,12,18,28,30,1,2354261205,4,9082052,288,70868,351823400,2024/6/27
24072,1,14,20,21,23,27,6,2329358625,0,0,96,261609,342963952,2024/6/25
24071,2,8,19,28,30,31,14,2254015200,11,7052822,130,217125,377739850,2024/6/23
24070,4,13,18,20,22,28,5,2246917307,8,7511573,95,264376,355743106,2024/6/20
24069,6,13,20,21,24,32,6,2231662700,12,6305244,121,161807,349312006,2024/6/18
24068,1,2,7,19,20,21,1,2248589639,25,5502857,190,82706,382798116,2024/6/16
24067,1,11,13,17,25,29,3,2339018162,7,7877684,100,251797,359572106,2024/6/13
24066,8,9,12,22,26,32,13,2318622744,16,6258377,168,149806,348630430,2024/6/11
24065,3,5,9,10,19,22,14,2343254145,10,7097933,236,111119,373231796,2024/6/9
24064,6,8,17,18,28,30,5,2335560971,21,5627014,277,59419,365056746,2024/6/6
24063,7,14,16,23,28,32,4,2404350858,10,6922247,245,98073,362508790,2024/6/4
24062,1,7,10,16,18,27,16,2401489046,5,9564773,90,316998,390275626,2024/6/2
24061,1,9,18,22,25,28,2,2363723406,4,10000000,143,179800,364421040,2024/5/30
24060,1,2,6,10,22,28,15,2326589163,9,7094190,122,193111,358843202,2024/5/28
24059,1,3,14,25,31,33,7,2319757937,6,8225609,137,176584,390426128,2024/5/26
24058,8,12,13,17,27,29,13,2296535377,2,10000000,84,303075,369285740,2024/5/23
24057,3,8,17,18,23,31,8,2240160236,18,5596329,384,34941,365625592,2024/5/21
24056,5,18,20,24,25,26,6,2300641915,6,7990254,97,231205,397159810,2024/5/19
24055,2,4,6,7,16,29,3,2281302712,1,10000000,144,208688,377710122,2024/5/16
24054,8,13,20,25,31,32,3,2201149174,5,9020570,242,103837,367543408,2024/5/14
24053,7,14,21,22,28,33,7,2170866334,14,5987819,220,78576,395915432,2024/5/12
24052,7,10,11,15,17,21,3,2202835275,6,8321035,131,190135,373167274,2024/5/9
24051,5,9,13,20,23,28,6,2178038182,15,6101483,203,101738,367939562,2024/5/7
24050,1,3,7,10,22,33,2,2207601984,13,6705264,226,122613,388201440,2024/5/5
24049,12,15,17,23,26,32,11,2211638785,3,10000000,141,147410,330045974,2024/5/2
24048,2,9,15,19,26,28,2,2179284324,7,7702490,114,207428,351928312,2024/4/30
24047,7,8,21,26,29,30,15,2162261379,26,5920995,91,328927,405356264,2024/4/28
24046,2,6,10,11,17,29,15,2226410188,6,8554950,188,141819,382103034,2024/4/25
24045,2,8,19,23,24,26,3,2197753504,13,6266764,334,61631,379451774,2024/4/23
24044,2,6,17,25,32,33,6,2217466686,5,8441962,115,187063,405727312,2024/4/21
24043,4,6,7,14,15,24,8,2195139699,12,6394606,146,143281,379945476,2024/4/18
24042,2,4,5,14,26,32,14,2209117678,1,10000000,46,672336,385020364,2024/4/16
24041,2,9,12,22,25,33,16,2126335214,67,5312395,542,48271,412186810,2024/4/14
24040,11,14,18,19,23,26,2,2403776297,8,7810178,213,131933,386011398,2024/4/11
24039,2,6,12,29,30,31,10,2381952370,12,6639344,138,178189,381702830,2024/4/9
24038,8,10,18,23,27,31,2,2387854012,3,10000000,190,159354,403976694,2024/4/7
24037,1,4,5,6,12,14,13,2327021985,3,10000000,90,294537,356283280,2024/4/4
24036,2,8,9,12,21,31,2,2277496852,10,6513910,206,91863,375133272,2024/4/2
24035,5,7,14,17,22,32,6,2285864323,21,5826032,504,43022,412436132,2024/3/31
24034,2,9,12,19,21,31,4,2343160918,17,6171541,248,100384,385412112,2024/3/28
24033,6,10,11,18,20,32,5,2373391338,4,10000000,117,215911,374362318,2024/3/26
24032,1,3,4,11,12,21,16,2337606504,14,6812502,135,234953,413703736,2024/3/24
24031,9,10,13,25,30,32,2,2337825172,19,5000000,173,6000,401159328,2024/3/21
24030,1,8,22,25,29,33,10,2432825172,3,10000000,76,407930,398025748,2024/3/19
24029,12,18,23,25,28,33,4,2369816985,1,10000000,116,273022,433441094,2024/3/17
24028,3,7,8,11,18,19,5,2284805181,12,6436209,206,104578,400874276,2024/3/14
24027,2,6,13,27,28,32,13,2297410268,9,7752307,296,104606,398514350,2024/3/12
24026,4,7,18,19,20,25,6,2274290656,14,6573568,465,59220,431419382,2024/3/10
24025,8,15,21,22,25,33,13,2283708268,8,7903667,77,377099,399059370,2024/3/7
24024,3,7,21,24,26,30,10,2259827583,10,7196464,276,99477,389179240,2024/3/5
24023,1,10,22,25,28,32,10,2249424817,4,10000000,174,148772,429941270,2024/3/3
24022,2,9,11,14,18,26,6,2211765504,27,5581991,335,58633,388759926,2024/2/29
24021,4,6,16,17,23,24,11,2303552638,8,7305253,182,126662,387567590,2024/2/27
24020,3,8,12,14,17,33,8,2292837056,3,10000000,65,424047,401743532,2024/2/25
24019,5,11,12,16,17,20,8,2240147827,10,6256934,107,146838,362006810,2024/2/22
24018,6,15,17,24,28,29,16,2255582139,9,7077975,224,104362,362234554,2024/2/20
24017,4,17,19,20,25,32,4,2249152255,3,10000000,96,336763,408414594,2024/2/18
24016,7,12,20,24,32,33,4,2182164460,136,5166908,87,326142,398150146,2024/2/6
24015,3,8,17,18,20,30,15,2799740697,7,8302983,254,113783,391425990,2024/2/4
24014,1,2,10,22,24,25,13,2771158275,7,8397008,110,270216,369008560,2024/2/1
24013,1,7,10,14,21,25,7,2740765858,14,6178793,149,138448,368057096,2024/1/30
24012,1,3,7,18,22,28,15,2765382313,7,8677481,138,233173,406461312,2024/1/28
24011,8,12,16,20,27,31,6,2729590794,13,5600516,143,68240,382080084,2024/1/25
24010,11,16,20,21,23,24,4,2773122333,4,10000000,73,399825,372460178,2024/1/23
24009,1,4,7,10,17,23,14,2725560627,4,10000000,118,240959,409759128,2024/1/21
24008,8,20,21,23,27,30,13,2680260839,5,9439349,151,183747,390103204,2024/1/18
24007,4,5,6,7,20,22,15,2644219785,5,9552387,178,159845,391831746,2024/1/16
24006,7,18,20,21,26,32,5,2606624464,11,7265119,98,317810,430067550,2024/1/14
24005,5,6,20,23,25,32,3,2593104612,5,10000000,99,333906,407820678,2024/1/11
24004,9,13,17,18,21,27,4,2543934511,9,7037575,163,140630,397770990,2024/1/9
24003,1,5,8,13,32,33,3,2538504530,12,6749071,116,226173,428830208,2024/1/7
24002,4,9,10,17,19,20,9,2540785162,30,5455071,196,87067,402054502,2024/1/4
24001,3,7,16,26,27,32,16,2653241738,7,8203438,164,170915,397951464,2024/1/2
23151,1,15,16,20,25,27,5,2626575547,10,7807583,112,313346,452958034,2023/12/31
23150,10,17,25,26,30,33,5,2599366995,7,8074962,109,246843,411922624,2023/12/28
23149,2,10,19,24,26,33,15,2575173968,4,10000000,134,217847,405361488,2023/12/26
23148,3,5,7,9,19,20,8,2527599376,39,5414501,424,47657,454223900,2023/12/24
23147,5,6,14,16,19,32,12,2678144078,8,7564467,96,267132,432874498,2023/12/21
23146,2,3,6,11,20,32,9,2661725786,9,6968340,172,128743,449833942,2023/12/19
23145,7,10,21,22,23,24,11,2658009357,8,8328480,195,170691,488324570,2023/12/17
23144,12,16,17,22,25,27,8,2624782779,9,6787498,151,133174,461560620,2023/12/14
23143,5,7,9,16,23,30,15,2625542196,32,5793556,187,169744,460243432,2023/12/12
23142,2,8,20,21,27,33,14,2715709193,3,10000000,130,301470,507406422,2023/12/10
23141,1,8,11,12,21,23,3,2628135529,11,7529897,220,158118,493963074,2023/12/7
23140,3,4,11,14,30,31,5,2606606136,12,7033098,123,247938,480392100,2023/12/5
23139,12,14,19,21,27,31,11,2599513870,7,9460351,133,293444,521719600,2023/12/3
23138,3,22,28,30,31,33,4,2548652101,3,10000000,78,473833,492601986,2023/11/30
23137,3,12,17,19,23,27,11,2467775081,6,8591449,213,126459,492348152,2023/11/28
23136,3,5,10,21,22,26,10,2438516168,21,6073140,240,117374,525192790,2023/11/26
23135,5,6,11,13,28,30,7,2481542330,23,5669924,221,87150,486609550,2023/11/23
23134,5,8,9,17,22,33,4,2554169624,28,5894533,232,134951,484355844,2023/11/21
23133,4,5,10,14,22,25,3,2625290582,17,6512569,306,105039,517770956,2023/11/19
23132,3,9,11,15,25,27,1,2639577950,24,6034708,339,91567,474511672,2023/11/16
23131,6,7,14,20,26,32,1,2691287209,7,9257052,140,266065,466031504,2023/11/14
23130,4,10,17,22,23,32,16,2644338946,3,10000000,261,153869,497696868,2023/11/12
23129,8,9,12,17,32,33,4,2553859029,6,9879535,132,277246,473959588,2023/11/9
23128,7,16,20,21,27,33,1,2503346700,7,7837587,178,139488,381237932,2023/11/7
23127,3,8,19,22,26,32,14,2483723142,13,6891253,253,121473,415967168,2023/11/5
23126,10,24,26,28,29,31,16,2481110827,7,8438994,140,214937,394649530,2023/11/2
23125,11,14,15,27,30,33,4,2449910182,3,10000000,104,253325,386307316,2023/10/31
23124,2,3,17,18,25,30,11,2400872645,8,7192295,207,105908,417825112,2023/10/29
23123,10,13,15,22,29,32,15,2392642136,14,6724880,146,206749,385283048,2023/10/26
23122,7,8,14,18,20,30,5,2396234235,9,6889762,104,204421,383794308,2023/10/24
23121,2,12,16,25,30,31,12,2394462620,8,7805455,105,267186,412907242,2023/10/22
23120,3,8,13,24,27,29,8,2372742600,15,6057696,262,75693,382480862,2023/10/19
23119,1,2,3,19,21,28,15,2404112623,4,10000000,76,392351,379869478,2023/10/17
23118,1,2,11,19,25,29,4,2354656592,9,7221722,400,62485,416077564,2023/10/15
23117,2,11,14,17,18,28,8,2344668961,8,6198467,114,105128,382441836,2023/10/12
23116,2,8,9,13,24,27,12,2358302682,10,6501260,238,78847,373229184,2023/10/10
23115,2,7,16,21,26,27,16,2367018008,13,6684992,123,222610,399381218,2023/10/8
23114,7,9,15,16,17,26,9,2371779513,9,6717188,157,123046,370562742,2023/10/5
23113,1,2,13,18,25,27,3,2374279095,9,7108275,101,234832,373161172,2023/9/28
23112,9,12,13,22,24,31,4,2367099281,13,6599921,176,147720,369828352,2023/9/26
23111,5,6,12,17,20,33,9,2374902077,4,10000000,121,208017,404303630,2023/9/24
23110,2,6,20,25,29,33,16,2339391685,6,8972251,70,425598,375580258,2023/9/21
23109,6,8,10,13,16,28,13,2303849540,3,10000000,221,115585,372318810,2023/9/19
23108,1,3,6,8,18,24,9,2257216493,12,6002668,109,137981,414140392,2023/9/17
23107,3,7,18,25,29,33,14,2284128424,6,7890900,194,111761,377747376,2023/9/14
23106,7,9,10,20,22,24,7,2266428564,4,8594088,140,128360,375981944,2023/9/12
23105,1,3,5,26,30,32,16,2246893587,3,10000000,77,404257,405852212,2023/9/10
23104,10,19,23,25,30,31,12,2183510069,2,10000000,76,311447,371735912,2023/9/7
23103,5,6,13,24,25,29,15,2132500020,3,10000000,103,281418,370559376,2023/9/5
23102,1,9,10,13,21,28,10,2075541857,10,6615741,98,206089,408618502,2023/9/3
23101,1,5,9,15,18,26,4,2081108979,4,10000000,164,182582,370629284,2023/8/31
23100,5,6,12,15,23,25,4,2031278380,19,5762908,243,74564,359711540,2023/8/29
23099,9,11,14,19,27,33,5,2086416405,18,6174885,82,322377,390452378,2023/8/27
23098,2,10,11,14,21,27,11,2118259570,13,6522117,266,92986,362199042,2023/8/24
23097,1,9,14,19,29,30,15,2128843885,13,6311615,225,94727,357725994,2023/8/22
23096,8,11,18,26,31,32,15,2146953645,8,7789981,125,223198,387715200,2023/8/20
23095,3,8,16,17,22,26,11,2125574043,22,5751004,342,60387,357870744,2023/8/17
23094,6,10,12,14,30,31,12,2190138271,13,6482678,62,388605,353863692,2023/8/15
23093,10,21,24,25,27,32,7,2202132520,2,10000000,55,500947,382160878,2023/8/13
23092,3,12,24,25,32,33,13,2139476134,6,8563809,98,272740,357345052,2023/8/10
23091,16,20,22,26,30,32,16,2110673283,8,7716754,69,393732,358375594,2023/8/8
23090,1,2,9,26,30,31,7,2090904684,4,9305795,97,221948,384947064,2023/8/6
23089,8,13,15,27,28,31,11,2063540939,18,5770016,122,142011,354904960,2023/8/3
23088,1,14,18,26,31,33,5,2115425117,11,6088495,98,152722,350096092,2023/8/1
23087,2,9,15,17,28,33,1,2137498144,9,7457024,158,174946,381153750,2023/7/30
23086,8,9,10,22,26,32,12,2121686796,11,6685067,185,125241,357436118,2023/7/27
23085,11,18,23,24,31,33,13,2125713507,6,8156360,97,244048,356240472,2023/7/25
23084,9,13,14,17,19,27,3,2103633553,5,9140598,99,261401,386580634,2023/7/23
23083,7,10,12,16,17,30,12,2071700320,5,7947836,141,130666,360195880,2023/7/20
23082,4,18,19,24,27,30,16,2056167572,13,6130757,144,127602,355121956,2023/7/18
23081,1,11,15,16,22,31,15,2080743000,6,8525084,53,498832,387109286,2023/7/16
23080,1,2,4,9,25,31,8,2052579114,9,7025698,66,345289,363086950,2023/7/13
23079,5,6,9,12,21,22,7,2047443072,44,5140313,219,35238,352893610,2023/7/11
23078,6,8,14,19,30,31,8,2250465082,22,5429023,134,88045,376825490,2023/7/9
23077,7,9,14,22,26,27,1,2334509163,8,7356811,232,101586,351174612,2023/7/6
23076,3,4,15,18,19,22,9,2322659300,8,7228807,92,242261,349981630,2023/7/4
23075,13,15,24,28,30,31,1,2313625531,9,6942068,107,204189,382962350,2023/7/2
23074,2,8,9,18,19,21,3,2310559345,4,9084632,228,89575,358471886,2023/6/29
23073,1,3,15,16,25,32,10,2285628386,5,8830568,64,374078,360075550,2023/6/27
23072,2,6,10,24,25,33,9,2257958066,7,6644229,197,73030,390203400,2023/6/25
23071,5,12,15,19,24,26,6,2261306658,16,5979075,127,154185,335357710,2023/6/22
23070,3,5,25,31,32,33,4,2298227329,0,0,110,248023,358436376,2023/6/20
23069,12,14,17,20,21,26,2,2216379497,6,9116836,129,239350,396617204,2023/6/18
23068,11,12,15,18,29,33,2,2178451698,1,10000000,96,295623,370869162,2023/6/15
23067,1,3,12,19,28,32,14,2103312244,5,9921068,220,139803,364444632,2023/6/13
23066,2,7,8,10,26,31,6,2060647554,18,5976728,175,125579,393592226,2023/6/11
23065,2,14,17,20,26,33,14,2102299471,8,7757758,128,215449,364732942,2023/6/8
23064,1,7,11,12,16,18,4,2081628784,19,5891656,252,84035,358055754,2023/6/6
23063,4,8,17,20,22,27,13,2130039756,4,10000000,172,167578,390718820,2023/6/4
23062,11,19,23,24,26,33,15,2083569496,1,10000000,100,302739,359921314,2023/6/1
23061,1,4,6,11,12,22,15,2002747701,3,10000000,163,169551,365432766,2023/5/30
23060,9,11,17,19,30,31,11,1949837133,6,8459942,108,240273,402713176,2023/5/28
23059,2,6,13,22,27,32,6,1922748082,30,5520970,184,106176,374631364,2023/5/25
23058,10,17,22,26,30,33,11,2029768036,2,9936554,76,162386,372662796,2023/5/23
23057,2,5,10,17,24,32,3,2012616989,21,5868194,202,112822,396913794,2023/5/21
23056,8,14,15,18,23,33,8,2067478767,10,6477200,91,202912,372532958,2023/5/18
23055,3,4,20,23,27,32,13,2076855754,1,10000000,66,376109,370786668,2023/5/16
23054,5,6,9,10,15,26,12,2012386157,8,7183225,610,35790,394464450,2023/5/14
23053,1,7,14,20,27,30,15,2004355202,10,7019136,420,60093,364282626,2023/5/11
23052,3,4,5,8,12,17,6,1998828962,16,5845032,179,94417,358038114,2023/5/9
23051,22,26,29,30,32,33,14,2041647521,2,10000000,95,302734,388332454,2023/5/7
23050,2,7,9,14,22,23,5,1975368056,5,7819387,115,153227,359185180,2023/5/4
23049,5,7,14,23,25,27,2,1961601481,6,7565507,170,113184,328857030,2023/5/2
23048,2,3,10,24,28,30,8,1949270613,16,5884125,158,111914,362109840,2023/4/30
23047,5,7,14,23,31,33,7,1990369107,8,5105543,123,8580,373486114,2023/4/27
23046,6,8,17,25,26,28,3,2028047147,4,9222467,121,174482,364967218,2023/4/25
23045,3,6,12,21,27,28,4,2001600001,14,6523427,240,111083,398638950,2023/4/23
23044,2,8,15,22,24,26,16,2012948026,8,7544791,99,257049,375494004,2023/4/20
23043,5,8,12,20,24,28,10,1996962618,19,5909465,228,94736,370609676,2023/4/18
23042,10,17,20,23,27,30,10,2044443036,10,6650718,224,92116,406450374,2023/4/16
23041,1,6,12,13,15,24,6,2049048265,3,10000000,118,203861,379030400,2023/4/13
23040,9,16,17,24,29,31,8,2006881397,5,9001506,165,151572,372777348,2023/4/11
23039,2,3,9,13,19,28,9,1976860679,5,8903432,191,127730,409186858,2023/4/9
23038,2,9,14,17,31,33,8,1948188487,11,6553875,135,158265,368841578,2023/4/6
23037,8,23,25,26,29,31,12,1956183761,16,5978413,115,170158,357460864,2023/4/4
23036,13,14,18,19,24,30,9,1993133574,24,5566068,271,62664,402105258,2023/4/2
23035,1,4,9,10,20,33,6,2075773039,10,6874671,100,234333,376157550,2023/3/30
23034,2,3,9,11,12,17,15,2074219579,5,9140109,146,177230,371464196,2023/3/28
23033,8,9,13,23,24,26,5,2042293077,5,9565190,240,118885,407044870,2023/3/26
23032,6,19,20,26,28,33,1,2004521709,15,6158718,142,152999,378271328,2023/3/23
23031,7,14,27,29,31,33,5,2031724589,3,10000000,309,83076,377795536,2023/3/21
23030,2,3,7,16,30,31,6,1984712961,7,7680189,78,300662,407635670,2023/3/19
23029,3,7,12,24,28,33,8,1968119308,5,8837568,173,138640,373970632,2023/3/16
23028,5,7,10,17,20,22,14,1940352740,4,10000000,151,205758,378131048,2023/3/14
23027,8,10,22,27,32,33,8,1887143965,5,8409682,88,242164,405939502,2023/3/12
23026,1,18,26,30,31,33,3,1865260832,12,6934784,98,296140,382398740,2023/3/9
23025,4,16,20,21,31,32,14,1861412948,10,6974384,118,209150,383537242,2023/3/7
23024,3,6,9,17,27,28,3,1857117376,21,5993974,487,53576,424465912,2023/3/5
23023,5,8,10,15,24,25,9,1904715322,41,5000000,258,6000,394377912,2023/3/2
23022,10,11,18,19,23,31,3,2109715322,1,10000000,112,229101,393991274,2023/2/28
23021,2,5,6,19,21,27,4,2042737116,21,6115562,186,157438,430229092,2023/2/26
23020,1,12,17,18,26,27,5,2083313411,2,10000000,92,284500,394774502,2023/2/23
23019,6,12,26,28,29,32,15,2024791190,7,8309157,110,263228,399695170,2023/2/21
23018,10,12,17,19,25,31,13,1996089903,1,10000000,380,81771,428078014,2023/2/19
23017,5,11,18,20,26,28,12,1912869860,6,8173990,195,122076,385010210,2023/2/16
23016,14,16,19,23,28,30,3,1890499018,2,10000000,79,296038,363237418,2023/2/14
23015,2,3,14,21,29,32,8,1840337997,10,6277056,195,81862,392727530,2023/2/12
23014,6,7,18,23,27,30,5,1855218930,5,8496068,147,148642,354854954,2023/2/9
23013,6,10,14,22,23,33,13,1832147989,2,10000000,81,313059,351959204,2023/2/7
23012,3,4,7,22,26,30,6,1776074467,14,6444594,270,93631,377681908,2023/2/5
23011,6,7,16,17,21,22,4,1790457577,13,6177691,252,75942,344777252,2023/2/2
23010,4,5,13,18,27,29,12,1813355120,8,6879623,220,85437,335698884,2023/1/31
23009,3,4,19,23,30,32,6,1812003410,2,10000000,225,116912,370445322,2023/1/29
23008,5,13,18,20,26,28,6,1753087580,9,7109708,146,162563,367864780,2023/1/17
23007,5,6,9,22,25,31,3,1745872298,3,10000000,160,134413,357680590,2023/1/15
23006,2,10,12,14,24,26,5,1711353726,13,6407426,109,209822,341187596,2023/1/12
23005,2,6,8,13,14,19,16,1726038229,2,10000000,153,163847,331127174,2023/1/10
23004,1,7,15,16,20,25,16,1670832253,8,7480475,166,149426,362777504,2023/1/8
23003,5,8,18,25,30,32,6,1656261800,8,7009723,112,179439,332514694,2023/1/5
23002,2,6,10,16,18,22,13,1652047889,6,8064366,164,140138,317440920,2023/1/3
23001,9,16,18,22,28,32,2,1631485850,7,7738461,135,177492,349018800,2023/1/1
22150,1,7,11,12,22,28,5,1613770461,9,6598391,203,88580,322732470,2022/12/29
22149,2,22,26,29,32,33,14,1619210281,7,8014411,94,280596,305443962,2022/12/27
22148,2,15,16,17,21,31,14,1596182866,9,7166343,72,338491,328466772,2022/12/25
22147,2,3,7,13,20,30,10,1587565859,17,5619498,148,88948,308727648,2022/12/22
22146,6,7,13,18,26,31,6,1643604313,9,6501941,391,43214,319241960,2022/12/20
22145,3,21,25,30,31,33,11,1651431252,4,10000000,68,373743,366333090,2022/12/18
22144,7,20,22,23,31,32,5,1615187506,11,6900814,65,402095,400859910,2022/12/15
22143,7,8,13,29,30,33,3,1612687877,15,6243187,149,156441,397641696,2022/12/13
22142,1,3,13,16,21,27,3,1636406391,12,5674258,122,82900,440572602,2022/12/11
22141,5,12,13,17,20,27,14,1674155872,21,6324820,135,257603,415110854,2022/12/8
22140,8,9,18,19,20,27,15,1702647485,19,5889308,673,31383,397499610,2022/12/6
22139,6,7,9,16,17,19,14,1751181135,12,7006326,443,67934,421220444,2022/12/4
22138,2,14,19,21,25,28,11,1744972360,2,10000000,67,341021,382295872,2022/12/1
22137,8,21,23,27,28,33,1,1696427005,8,7627191,160,164199,380398430,2022/11/29
22136,8,10,14,15,18,22,8,1678628784,19,5761544,122,148251,412826960,2022/11/27
22135,9,11,13,24,28,32,6,1733838061,12,6964835,143,206101,402652460,2022/11/24
22134,1,5,14,17,24,31,14,1728998506,10,7386723,90,331489,404859714,2022/11/22
22133,5,8,16,17,21,25,12,1713363599,11,7308534,241,131711,457083562,2022/11/20
22132,1,3,18,26,32,33,4,1698530418,4,10000000,88,370814,439981994,2022/11/17
22131,3,5,10,13,19,29,6,1640635486,19,5876981,251,82981,425292626,2022/11/15
22130,2,8,15,17,26,28,12,1689813201,50,5228012,542,26293,446023212,2022/11/13
22129,10,12,14,22,24,27,7,1908461423,7,7828409,102,242633,430007836,2022/11/10
22128,3,12,18,24,27,29,1,1889014542,11,7471238,210,161807,420999886,2022/11/8
22127,3,4,9,10,29,33,13,1869259580,5,10000000,178,210151,455409958,2022/11/6
22126,1,13,15,17,26,33,13,1807038683,6,9507372,151,223876,436137344,2022/11/3
22125,2,3,7,12,20,31,16,1762667038,7,7965155,231,112316,429659904,2022/11/1
22124,5,10,13,18,24,26,1,1740587803,4,10000000,124,234571,383396494,2022/10/30
22123,10,13,16,20,21,25,5,1693327054,8,7557633,637,40151,360850820,2022/10/27
22122,6,8,17,19,24,28,5,1677059125,26,5519812,214,78943,350001646,2022/10/25
22121,12,17,22,27,30,31,2,1769892531,8,8069743,102,300955,380066114,2022/10/23
22120,2,15,19,26,27,29,2,1742358177,43,5486128,288,90727,355500194,2022/10/20
22119,2,5,15,18,26,27,4,1899873541,12,6494901,309,72568,341495720,2022/10/18
22118,2,6,7,11,14,33,8,1910541782,5,7499223,173,90289,374309728,2022/10/16
22117,4,13,17,18,28,29,6,1901177457,11,6083031,166,89708,345578024,2022/10/13
22116,8,14,26,27,30,33,1,1923415752,1,10000000,93,300121,337975208,2022/10/11
22115,6,7,18,20,27,29,9,1849681926,33,5308918,169,75401,359461828,2022/10/9
22114,1,5,15,19,26,29,13,1986647604,12,6667026,241,103756,347069064,2022/10/6
22113,13,14,20,24,27,29,2,1991635746,2,10000000,84,294642,363604180,2022/9/29
22112,3,5,8,17,25,31,1,1937385782,5,9412037,169,163167,348893862,2022/9/27
22111,2,10,11,13,28,31,1,1901720272,3,10000000,160,198653,385923798,2022/9/25
22110,9,13,15,18,20,28,15,1836366779,7,8127543,237,115468,352346658,2022/9/22
22109,4,11,13,19,22,33,11,1811161575,5,8345394,78,268060,349805376,2022/9/20
22108,1,7,13,17,18,31,15,1790162397,13,6708669,269,103218,379260702,2022/9/18
22107,3,9,11,15,19,28,16,1794077479,9,6545730,139,125104,342747048,2022/9/15
22106,17,20,22,23,24,31,1,1800820638,3,10000000,50,555486,336123528,2022/9/13
22105,6,12,13,15,21,23,15,1747497631,4,10000000,85,325048,357410590,2022/9/11
22104,1,8,19,25,26,31,1,1704610228,18,5821410,214,86363,337087306,2022/9/8
22103,6,9,12,14,20,28,10,1753950406,12,6266348,146,130104,331343836,2022/9/6
22102,9,10,12,18,29,32,14,1772160912,6,8618279,137,198080,360805992,2022/9/4
22101,4,16,18,19,27,28,4,1742459306,34,5458579,134,145444,342584116,2022/9/1
22100,2,6,7,15,20,21,15,1869582122,11,6875089,106,243230,338953236,2022/8/30
22099,1,11,23,24,26,32,15,1867860655,8,7480623,256,96899,368635154,2022/8/28
22098,2,3,4,6,21,33,5,1853286941,14,6203690,34,619546,339839938,2022/8/25
22097,4,5,10,13,30,31,14,1876944863,3,10000000,65,421826,339168020,2022/8/23
22096,3,16,17,19,25,33,7,1824688735,50,5337053,94,224104,374401638,2022/8/21
22095,4,13,14,18,20,28,8,2028343930,7,7040114,71,251422,339954958,2022/8/18
22094,6,11,13,16,19,31,2,2024071723,3,10000000,186,111576,333751422,2022/8/16
22093,21,22,24,28,29,32,14,1991811868,2,10000000,58,481689,363673578,2022/8/14
22092,7,10,16,20,21,27,11,1927997908,20,5805294,245,82172,337222664,2022/8/11
22091,8,18,20,22,24,28,10,1983706692,8,6721485,244,70552,335981918,2022/8/9
22090,1,4,25,27,29,30,7,1985834009,7,5764881,98,68292,365943774,2022/8/7
22089,2,7,15,29,31,33,15,2006110048,3,10000000,90,244825,342434670,2022/8/4
22088,3,9,15,17,20,22,6,1970007210,20,5577161,168,85887,340253450,2022/8/2
22087,5,6,9,13,23,25,8,2038263308,6,6065849,129,61967,370042706,2022/7/31
22086,1,4,8,21,23,24,11,2050676797,8,7234563,61,366321,345421240,2022/7/28
22085,7,9,14,31,32,33,13,2041516396,12,6387330,112,185803,341538762,2022/7/26
22084,3,18,23,24,25,32,9,2055734480,5,7928087,97,188665,368808592,2022/7/24
22083,8,12,13,14,19,20,5,2040473284,13,6173323,258,73901,347550570,2022/7/21
22082,4,10,11,23,30,32,14,2063526963,3,10000000,79,316091,347371994,2022/7/19
22081,4,8,11,21,27,30,1,2018613381,5,9188488,186,140742,373064250,2022/7/17
22080,5,12,15,17,18,27,4,1986021667,9,6967330,129,171569,342797508,2022/7/14
22079,1,9,15,17,22,23,16,1982330237,2,10000000,68,408297,341273762,2022/7/12
22078,1,4,5,15,17,31,9,1919037561,6,7387658,69,259528,366650644,2022/7/10
22077,3,17,18,19,20,27,16,1909641199,14,6273517,186,119820,345118818,2022/7/7
22076,8,9,10,13,24,29,2,1930610784,14,6399054,142,172418,342718328,2022/7/5
22075,1,2,4,25,26,30,10,1946747172,6,7912531,78,280051,379959636,2022/7/3
22074,5,7,15,19,29,33,15,1928690407,6,8413181,131,195411,354915638,2022/6/30
22073,6,10,14,15,26,29,12,1902372906,6,8211585,141,170828,352213628,2022/6/28
22072,5,14,15,16,18,32,12,1879381753,7,7505272,95,230748,385506202,2022/6/26
22071,4,7,15,18,29,33,1,1866155263,8,7659663,141,188628,354289328,2022/6/23
22070,4,6,9,27,28,33,2,1847642672,9,7137010,226,106377,356598990,2022/6/21
22069,6,7,13,19,26,29,8,1839751672,20,5516327,216,59760,380359658,2022/6/19
22068,7,12,15,24,26,29,6,1911353650,7,7414434,170,124272,354071622,2022/6/16
22067,1,5,13,21,26,29,15,1899875782,10,6787147,147,151968,347891686,2022/6/14
22066,6,11,14,20,27,30,9,1900729226,33,5152928,281,22449,370987262,2022/6/12
22065,9,14,18,23,28,31,2,2051850948,4,9202821,143,146951,348395414,2022/6/9
22064,4,6,12,13,17,31,16,2025619908,12,6498426,81,277486,340689068,2022/6/7
22063,6,8,9,17,22,31,11,2036171824,20,5417818,181,57709,360023818,2022/6/5
22062,16,18,20,21,23,33,5,2113191829,5,8563331,69,322765,329515310,2022/6/2
22061,1,3,16,18,29,33,6,2089196019,3,10000000,64,389348,331252342,2022/5/31
22060,16,18,19,24,28,32,1,2044441141,3,10000000,80,370919,361140396,2022/5/29
22059,6,9,18,19,29,33,6,1985420373,20,5714126,216,82653,340378840,2022/5/26
22058,6,13,14,23,31,33,1,2046143432,10,6841671,126,182705,336926030,2022/5/24
22057,12,15,20,26,30,33,16,2045497453,3,10000000,78,304574,378857894,2022/5/22
22056,1,6,11,14,17,26,15,2004226992,6,8799261,162,175891,352329270,2022/5/19
22055,2,4,9,26,28,33,3,1971539174,4,9562440,77,296262,350153658,2022/5/17
22054,8,12,21,27,28,33,11,1941352325,21,5000000,92,6000,391678014,2022/5/15
22053,10,14,18,23,27,33,15,2046352325,4,10000000,81,366853,356510652,2022/5/12
22052,7,24,27,29,31,32,15,1997206997,4,10000000,61,467706,359187786,2022/5/10
22051,2,5,11,17,21,33,1,1951616776,5,9343551,114,238133,389679034,2022/5/8
22050,3,5,8,14,27,33,8,1916892944,16,6080345,141,153240,363371278,2022/5/5
22049,2,4,7,18,25,26,10,1949357745,0,0,127,175848,337463590,2022/5/3
22048,5,7,17,20,26,31,14,1882359418,4,10000000,180,165454,357972850,2022/5/1
22047,3,7,8,14,27,30,9,1833014021,21,5625122,128,128199,360230056,2022/4/28
22046,2,11,24,25,27,30,14,1901913181,9,7489274,132,212154,358743356,2022/4/26
22045,3,12,17,18,19,28,4,1885303642,7,7472273,182,118859,389120778,2022/4/24
22044,1,7,8,21,23,29,6,1872712376,11,6476085,123,165009,362459788,2022/4/21
22043,2,17,20,23,25,27,8,1883060805,9,6718875,54,358098,350215018,2022/4/19
22042,5,10,11,21,22,30,13,1885518647,10,7059021,175,147072,376726628,2022/4/17
22041,5,7,21,22,24,29,14,1878895566,4,10000000,57,504454,348280000,2022/4/14
22040,3,12,14,16,31,33,12,1832633915,15,5830283,119,130821,343211044,2022/4/12
22039,2,6,7,10,15,20,5,1873384741,5,9112790,177,145225,375104494,2022/4/10
22038,9,12,13,16,24,32,4,1841833878,5,8932134,67,366803,348860576,2022/4/7
22037,1,10,13,20,22,32,14,1812767035,3,10000000,74,372366,332623306,2022/4/5
22036,2,3,14,16,26,31,2,1760101650,7,8039081,110,241745,362126634,2022/4/3
22035,8,12,13,19,23,25,15,1736599330,8,7126487,169,125827,353577746,2022/3/31
22034,14,17,26,31,32,33,10,1729816605,9,7033420,49,466856,361289854,2022/3/29
22033,5,12,19,22,25,26,5,1724489453,11,6853773,192,132757,392018786,2022/3/27
22032,4,10,11,14,23,32,7,1723412804,7,8228322,54,523107,365937174,2022/3/24
22031,1,10,11,22,26,32,7,1696267600,28,5507246,296,59978,353060708,2022/3/22
22030,12,23,24,26,27,30,5,1797209652,18,5942310,55,385490,376910184,2022/3/20
22029,3,8,10,13,26,32,8,1840565291,10,6314985,105,156545,354275468,2022/3/17
22028,5,11,20,22,23,29,9,1854403191,9,6991710,330,67899,359741624,2022/3/15
22027,14,15,18,19,26,32,9,1850108360,3,10000000,74,270324,407429120,2022/3/13
22026,3,4,10,15,22,24,2,1820096321,10,7519808,129,244167,390646552,2022/3/10
22025,6,19,24,25,28,32,4,1800801596,1,10000000,98,261907,380028752,2022/3/8
22024,7,9,10,14,19,24,15,1733800692,2,10000000,154,187504,412478136,2022/3/6
22023,7,12,17,19,24,25,2,1667173674,9,7444170,98,280580,386299738,2022/3/3
22022,1,7,11,15,17,19,6,1651680455,9,6751389,162,121624,374172850,2022/3/1
22021,3,7,22,24,26,31,14,1653333569,16,6650843,74,446173,413793268,2022/2/27
22020,9,11,14,22,30,32,1,1660696455,1,10000000,52,533809,376104336,2022/2/24
22019,5,6,14,20,21,25,8,1587422145,13,6113016,123,147044,374092592,2022/2/22
22018,7,11,16,17,30,32,16,1612631799,2,10000000,178,169901,392699896,2022/2/20
22017,6,9,24,29,30,32,7,1541904440,5,8716688,162,143390,367332144,2022/2/17
22016,5,10,19,20,29,31,14,1515799969,15,6190322,336,66424,370604868,2022/2/15
22015,6,14,16,27,28,31,7,1541699154,9,6685876,95,199643,387014176,2022/2/13
22014,6,7,13,14,15,27,4,1544973715,7,7794467,469,52135,353937416,2022/2/10
22013,2,3,4,7,10,18,15,1526180218,2,10000000,133,221005,376000418,2022/2/8
22012,4,7,8,29,30,31,1,1457999052,9,7305724,193,134401,432967098,2022/1/27
22011,6,15,23,24,25,33,15,1445932371,4,10000000,125,239630,379627650,2022/1/25
22010,12,18,19,20,21,32,15,1396071026,7,7878499,139,181200,403819420,2022/1/23
22009,4,15,17,19,25,28,16,1375659920,1,10000000,266,112827,381172430,2022/1/20
22008,2,3,7,9,20,21,13,1295623770,3,10000000,132,179611,377713752,2022/1/18
22007,1,20,22,23,25,28,16,1254497537,3,10000000,81,459735,417998504,2022/1/16
22006,3,6,9,15,22,31,2,1172781808,7,7682542,173,135677,389820756,2022/1/13
22005,7,10,12,16,19,31,16,1156142875,2,10000000,74,379503,388503758,2022/1/11
22004,5,19,24,28,30,32,14,1091893203,9,6141105,62,207055,441401912,2022/1/9
22003,2,5,16,17,18,30,6,1108650848,7,7708412,181,130931,410382612,2022/1/6
22002,2,12,21,23,25,31,8,1091513907,9,7295582,134,192726,408646714,2022/1/4
22001,6,13,15,17,20,21,3,1079698248,4,10000000,83,389050,447434510,2022/1/2
21150,9,14,20,21,24,26,4,1022824601,37,5660828,239,127879,456402254,2021/12/30
21149,5,10,15,18,19,32,5,1140585301,8,7864325,103,278089,425925826,2021/12/28
21148,10,12,15,17,19,20,8,1117570138,8,7622855,175,149877,459686850,2021/12/26
21147,5,10,11,13,27,28,9,1099867308,13,6608176,194,134705,457370132,2021/12/23
21146,7,9,21,22,26,32,3,1107375000,6,9424198,103,322150,480619582,2021/12/21
21145,4,7,10,14,16,26,9,1064375720,10,7832457,159,222677,517254362,2021/12/19
21144,2,5,13,15,23,26,7,1036483149,5,9315997,172,156831,483556078,2021/12/16
21143,1,9,11,13,20,29,9,1002138181,41,5571480,158,185369,475857912,2021/12/14
21142,4,7,17,19,20,24,16,1142703731,8,8791842,227,167041,509166454,2021/12/12
21141,1,14,19,23,26,30,10,1099283201,7,8542650,132,234834,483132724,2021/12/9
21140,5,10,16,26,27,33,1,1066087178,20,6366303,694,49218,479975520,2021/12/7
21139,12,14,19,23,24,27,1,1090940461,14,7490724,193,225842,531219172,2021/12/5
21138,11,14,15,16,27,32,9,1065047563,20,5685347,123,139298,486491502,2021/12/2
21137,3,7,10,14,21,24,1,1127353431,19,6420588,274,123134,474456734,2021/11/30
21136,2,6,9,15,19,28,16,1148127692,10,7908192,319,113957,517068910,2021/11/28
21135,3,10,17,19,21,31,4,1118152404,1,10000000,124,303985,486663630,2021/11/25
21134,1,2,16,19,25,31,8,1015069784,11,7491866,109,314340,472467398,2021/11/23
21133,1,3,12,19,27,31,10,994690824,12,7465121,171,216238,511607016,2021/11/21
21132,1,4,6,14,20,28,8,973341811,6,7775391,171,121727,490071244,2021/11/18
21131,8,11,18,19,20,24,1,957547844,6,9453797,116,287961,465860738,2021/11/16
21130,8,9,15,24,26,30,6,914060182,12,6336861,155,129373,398037824,2021/11/14
21129,4,15,21,27,28,29,10,929943762,5,7512285,139,112962,365299936,2021/11/11
21128,5,17,20,21,23,33,4,920399839,3,10000000,66,369015,349441520,2021/11/9
21127,7,15,16,20,27,29,7,877334837,10,6816913,96,236577,365976552,2021/11/7
21126,19,20,23,27,28,31,1,877369730,6,8689696,90,307474,358964852,2021/11/4
21125,14,19,20,23,24,31,9,846489745,4,8898474,84,232052,354978672,2021/11/2
21124,1,3,18,22,29,32,2,823606529,8,7956250,117,252670,394848530,2021/10/31
21123,6,14,15,19,29,31,5,798569016,6,8473913,207,125866,366471258,2021/10/28
21122,4,5,12,15,18,28,7,771249437,5,8231591,91,221949,360872924,2021/10/26
21121,4,5,12,16,22,30,15,751815051,7,7721874,205,116177,390361524,2021/10/24
21120,1,7,8,12,13,18,5,734418962,40,5268563,496,27072,355518696,2021/10/21
21119,3,9,10,11,28,29,13,904876996,15,6354639,356,71346,356935346,2021/10/19
21118,2,6,14,18,20,31,13,923998119,6,8460209,126,205964,386079710,2021/10/17
21117,3,5,17,21,27,33,4,896904658,10,6782803,101,220644,358589610,2021/10/14
21116,6,14,17,18,31,33,6,897877549,3,10000000,46,552161,355338790,2021/10/12
21115,2,10,12,15,24,27,8,851679247,5,7857682,100,178605,380172848,2021/10/10
21114,4,6,8,14,24,27,2,837386111,3,10000000,177,158159,337378334,2021/10/7
21113,4,7,10,22,27,30,2,783403562,12,6380290,231,89629,293434838,2021/10/5
21112,5,6,21,25,28,33,7,797853981,22,5394421,229,47364,370338224,2021/9/30
21111,17,20,22,23,26,28,6,883991506,3,10000000,96,219919,358360092,2021/9/28
21110,10,13,15,24,31,32,2,850654756,5,9736534,246,120338,394569218,2021/9/26
21109,2,3,10,17,20,26,16,810527410,4,9492827,132,170182,366715360,2021/9/23
21108,11,15,18,24,26,32,9,781106313,5,8478207,118,184227,339998838,2021/9/21
21107,2,3,17,19,25,30,1,758280964,7,7867703,151,166174,367139964,2021/9/19
21106,1,4,7,14,30,31,3,738077667,7,8130452,150,182609,364122996,2021/9/16
21105,10,14,15,22,27,32,9,712816451,9,6993977,174,128920,357292170,2021/9/14
21104,1,7,17,20,22,28,15,708465505,6,9475659,101,332350,397369092,2021/9/12
21103,10,13,15,25,29,30,15,664617126,2,10000000,122,233872,369736978,2021/9/9
21102,5,9,15,24,27,30,9,599019763,34,5285653,236,51441,357853464,2021/9/7
21101,2,4,12,22,29,31,1,742311198,6,8682830,107,258142,393612094,2021/9/5
21100,7,9,12,13,14,29,16,711544497,8,7583366,170,151962,364068238,2021/9/2
21099,9,11,17,18,20,27,15,694710436,7,7942916,278,92627,353159630,2021/8/31
21098,1,10,13,18,26,32,5,673059288,4,10000000,141,178834,390403928,2021/8/29
21097,3,11,12,13,25,28,12,637412452,45,5323421,359,50675,355020594,2021/8/26
21096,1,7,11,14,15,26,11,822388985,13,5640531,91,114380,349161898,2021/8/24
21095,8,12,17,24,27,28,13,864489999,4,10000000,140,201541,384516464,2021/8/22
21094,9,11,24,25,28,33,15,819842497,1,10000000,101,273512,353340702,2021/8/19
21093,5,11,15,23,28,33,3,746968208,5,8646623,229,99525,346398722,2021/8/17
21092,2,7,8,10,12,31,3,721827132,4,9066769,154,132037,382276564,2021/8/15
21091,4,6,16,24,26,33,16,697092670,4,10000000,102,258058,352636492,2021/8/12
21090,5,6,12,14,27,28,8,658126685,19,5534608,199,63803,340567382,2021/8/10
21089,1,2,7,13,23,24,12,725193394,51,5338932,659,32787,378094626,2021/8/8
21088,4,12,15,16,19,26,6,932658139,7,7133062,165,113116,339080722,2021/8/5
21087,2,13,16,19,23,24,4,926596691,10,6520555,219,86789,335386836,2021/8/3
21086,6,8,10,14,28,29,1,934781421,1,10000000,123,214082,363965626,2021/8/1
21085,5,6,7,11,14,20,2,865785162,4,9473926,189,118357,343883552,2021/7/29
21084,5,7,9,11,21,28,1,836571971,21,5814345,182,117453,338765612,2021/7/27
21083,4,9,11,25,28,33,4,894543509,25,5173874,276,19686,367542044,2021/7/25
21082,3,6,11,13,26,32,5,1007589655,7,7348639,161,127643,344368726,2021/7/22
21081,1,3,5,18,22,23,1,997378346,4,10000000,135,207725,344437194,2021/7/20
21080,5,8,22,23,24,29,9,953249373,12,6122048,119,141434,376533622,2021/7/18
21079,1,3,10,24,28,29,13,976221781,8,7301888,95,242304,345574370,2021/7/15
21078,4,6,15,26,27,31,12,965580237,6,7800858,132,159139,341551308,2021/7/13
21077,8,15,17,25,27,30,10,949366069,13,6434628,112,208149,377616968,2021/7/11
21076,3,9,21,23,30,32,6,963078086,4,7982765,87,171423,347734992,2021/7/8
21075,12,15,16,21,22,29,1,950267665,2,10000000,55,435092,347517338,2021/7/6
21074,4,5,9,14,25,27,7,898477373,14,5822076,163,88259,382266836,2021/7/4
21073,1,6,18,22,24,25,8,936827442,4,9536636,83,273291,353932932,2021/7/1
21072,1,9,15,16,19,21,15,906924437,3,10000000,105,275206,351515940,2021/6/29
21071,1,7,24,31,32,33,8,850234438,6,7393944,75,239394,384399388,2021/6/27
21070,1,5,11,15,16,29,15,840734349,6,8972728,179,166455,356032100,2021/6/24
21069,6,11,18,20,23,26,5,805184330,5,8297648,130,158540,348547620,2021/6/22
21068,4,14,18,24,31,32,15,784841657,7,8662562,232,138135,381950996,2021/6/20
21067,1,11,19,23,25,29,9,749337326,6,7464865,61,303057,352986918,2021/6/17
21066,2,6,19,26,30,33,15,738667046,14,6436433,145,173362,343529368,2021/6/15
21065,1,4,8,19,29,33,16,753364365,3,10000000,82,384177,362527724,2021/6/13
21064,4,6,8,15,16,18,16,688856687,4,10000000,112,242377,353338262,2021/6/10
21063,4,5,6,9,23,24,9,647417696,16,5000000,106,6000,370142008,2021/6/8
21062,12,13,15,20,22,25,10,727417696,6,8804175,67,425840,405763536,2021/6/6
21061,4,9,12,18,20,23,1,694648802,4,10000000,127,237150,376779952,2021/6/3
21060,10,11,17,20,29,30,15,644294438,6,8356965,163,154461,365484344,2021/6/1
21059,1,9,11,18,32,33,14,618904511,1,10000000,91,397078,407754588,2021/5/30
21058,9,11,13,18,19,28,14,520502015,5,9893453,96,318584,382666074,2021/5/27
21057,5,6,9,17,25,33,16,478217025,6,8882850,179,162689,379559152,2021/5/25
21056,8,21,22,23,29,32,1,444149990,10,7488306,215,144669,410076324,2021/5/23
21055,3,11,12,16,22,28,10,425721551,29,5553793,206,97451,376647950,2021/5/20
21054,7,13,21,22,24,31,2,526556537,4,10000000,83,374991,371689954,2021/5/18
21053,7,10,14,16,24,33,16,473183576,3,10000000,84,355480,398009388,2021/5/16
21052,3,4,6,19,21,30,14,413602410,1,10000000,171,171643,376039676,2021/5/13
21051,8,9,10,19,27,29,15,335549357,10,6796944,309,72691,377624458,2021/5/11
21050,2,9,10,16,25,28,8,336133387,22,5598001,248,66310,403433980,2021/5/9
21049,4,11,13,22,25,32,1,409954275,4,10000000,78,440233,375111072,2021/5/6
21048,4,15,17,22,29,32,3,346939552,2,10000000,64,394580,339198590,2021/5/4
21047,3,7,13,16,24,29,1,291180168,5,9419460,231,119574,367123752,2021/5/2
21046,5,9,13,21,28,33,6,255412592,24,5735971,122,180976,377425810,2021/4/29
21045,1,4,14,15,17,32,2,326838472,6,8717208,86,324175,377279966,2021/4/27
21044,5,7,14,17,26,28,13,295504539,5,10000000,160,213373,418973684,2021/4/25
21043,2,3,17,18,23,24,1,243085282,3,10000000,93,331233,389948810,2021/4/22
21042,5,9,10,22,25,27,8,180671046,26,5498446,275,58907,382918124,2021/4/20
21041,2,9,18,23,26,32,14,275032108,54,5307817,367,56614,415676146,2021/4/18
21040,2,6,7,24,28,29,16,499321280,6,8652104,238,115087,385858982,2021/4/15
21039,2,8,21,24,29,31,13,469061553,7,7814665,105,234555,377513042,2021/4/13
21038,5,7,9,16,18,27,6,449879238,32,5502610,539,37299,401665288,2021/4/11
21037,13,17,19,24,26,30,12,565649555,7,7856624,104,240340,374416372,2021/4/8
21036,1,2,6,11,21,26,11,545659537,12,6690644,137,185107,365524430,2021/4/6
21035,12,14,18,20,26,28,11,549868285,7,7844638,153,162683,382205894,2021/4/4
21034,4,10,12,18,23,25,1,530109002,5,8852481,155,155342,377894218,2021/4/1
21033,2,12,13,14,31,33,6,502137377,7,8001905,98,268027,378842354,2021/3/30
21032,1,5,8,15,16,30,3,479350693,12,6977206,187,158599,421020572,2021/3/28
21031,6,11,21,25,28,31,7,474102879,12,5950364,166,85876,389664660,2021/3/25
21030,8,9,13,27,29,31,5,502740835,7,8232900,143,197817,388490602,2021/3/23
21029,8,10,15,17,22,30,12,475507497,17,5716335,234,65051,413514858,2021/3/21
21028,11,16,23,26,27,33,5,527018817,7,7433674,125,170357,387583114,2021/3/18
21027,5,7,9,16,20,26,8,515170584,23,5339305,391,24948,371997822,2021/3/16
21026,3,5,13,19,20,25,3,608709487,74,5079572,829,8878,415303494,2021/3/14
21025,6,8,14,17,18,30,11,962516400,6,8396506,166,153456,370761350,2021/3/11
21024,1,4,6,10,11,18,2,936474051,5,9223370,139,189899,360465214,2021/3/9
21023,2,21,22,23,27,28,11,903402709,4,9744205,85,279070,397987234,2021/3/7
21022,10,15,17,25,31,32,6,871216452,3,10000000,84,266346,361605820,2021/3/4
21021,4,8,17,24,28,33,13,834097039,19,5979263,155,150048,350734702,2021/3/2
21020,1,3,6,7,9,11,2,877930510,19,6085156,505,51034,385685036,2021/2/28
21019,12,16,17,24,28,29,8,916231105,6,6344519,104,96960,351320330,2021/2/25
21018,2,8,14,23,25,32,6,924046536,3,10000000,128,193330,352299530,2021/2/23
21017,9,15,18,29,32,33,2,879807720,6,8959033,116,255972,442443732,2021/2/21
21016,3,8,9,13,15,18,10,844483666,16,6134153,192,118140,447622614,2021/2/7
21015,6,14,16,26,28,29,7,874580915,6,7672352,93,215512,373264066,2021/2/4
21014,4,15,21,25,29,33,6,860487095,3,10000000,96,270821,365029152,2021/2/2
21013,6,9,12,16,27,31,6,812490648,17,5756403,169,95109,403024326,2021/1/31
21012,3,6,14,18,20,26,1,862128803,17,5854248,218,83269,365486356,2021/1/28
21011,5,10,16,23,27,33,14,907192691,18,5425200,228,41960,358439884,2021/1/26
21010,1,4,11,19,32,33,5,976145268,7,8060622,129,207600,394795416,2021/1/24
21009,2,4,7,24,25,32,13,952228282,4,10000000,57,502273,367324734,2021/1/21
21008,1,5,7,14,18,33,7,906339544,4,8728131,86,216751,358122646,2021/1/19
21007,2,4,12,21,25,32,16,885330100,3,10000000,104,298114,389232822,2021/1/17
21006,6,8,22,24,25,26,1,822318331,10,7377222,194,153171,367900704,2021/1/14
21005,7,9,14,26,30,31,4,806944718,14,6353946,76,311764,359757108,2021/1/12
21004,2,3,7,8,17,22,15,824817771,2,10000000,208,145638,396531778,2021/1/10
21003,6,9,16,18,22,29,11,753939585,5,9406368,136,202498,360514540,2021/1/7
21002,6,10,13,25,26,32,11,718352017,10,7105919,185,142291,374374440,2021/1/5
21001,2,3,13,18,20,31,11,710439245,10,7034106,126,201796,411170524,2021/1/3
