样本ID,红球胆码,红球拖码,蓝球胆码,蓝球拖码,红球期望命中,蓝球期望命中,总期望命中
190,"08,09,14,20","03,18,19,26,33",01,"15,16",0.282,0.22,0.502
221,"14,19,22,27","05,08,18,26,30",01,"04,15",0.283,0.216,0.5
452,"02,06,14,19","05,09,22,27,28",15,"01,07",0.285,0.215,0.499
415,"06,08,14,20","09,10,16,19,28",16,"01,04",0.283,0.215,0.498
166,"08,09,10,26","02,11,14,20,30",04,"15,16",0.283,0.215,0.498
313,"02,14,18,22","06,09,27,30,33",15,"01,12",0.284,0.214,0.498
411,"14,18,19,26","06,09,20,28,29",01,"04,16",0.283,0.215,0.498
142,"06,10,18,27","04,08,11,19,22",16,"01,04",0.284,0.215,0.498
132,"02,06,08,18","04,11,20,22,27",01,"12,15",0.283,0.214,0.497
301,"02,09,14,26","06,16,18,20,33",12,"01,16",0.285,0.212,0.497
376,"06,19,20,27","02,04,22,26,33",15,"01,12",0.283,0.214,0.497
7,"02,09,10,22","05,14,20,23,27",01,"04,12",0.285,0.209,0.494
73,"10,14,18,27","06,09,20,23,29",06,"01,15",0.285,0.209,0.494
199,"02,10,20,22","06,16,19,23,27",07,"04,15",0.284,0.209,0.494
8,"06,08,10,19","09,21,22,27,30",16,"07,15",0.282,0.213,0.494
393,"08,09,10,27","06,20,26,31,33",03,"15,16",0.284,0.21,0.493
171,"09,14,19,22","02,04,10,26,30",15,"01,06",0.284,0.209,0.493
188,"06,22,26,27","02,11,14,20,33",15,"01,05",0.285,0.207,0.493
331,"09,20,22,26","03,06,08,11,18",04,"07,16",0.285,0.207,0.493
296,"02,14,19,20","08,09,10,11,23",01,"04,12",0.283,0.209,0.492
463,"06,14,20,26","03,09,10,22,29",16,"05,15",0.286,0.206,0.492
454,"06,14,20,26","03,09,10,11,27",08,"15,16",0.287,0.205,0.492
43,"09,14,20,27","02,04,06,16,18",15,"01,11",0.285,0.206,0.492
465,"02,08,20,26","03,18,19,23,27",03,"01,16",0.281,0.21,0.491
387,"09,18,19,22","02,04,06,14,21",15,"01,05",0.283,0.207,0.491
423,"08,14,18,19","02,10,21,22,28",12,"01,16",0.279,0.212,0.491
358,"06,09,10,22","03,08,16,19,27",11,"01,15",0.285,0.206,0.491
228,"18,19,22,26","02,06,14,16,30",04,"01,03",0.285,0.206,0.491
151,"02,09,26,27","14,20,22,28,31",01,"07,12",0.284,0.207,0.491
104,"02,22,26,27","09,10,14,23,28",04,"12,16",0.285,0.207,0.491
196,"10,18,26,27","03,08,14,20,31",05,"01,15",0.283,0.207,0.491
113,"06,14,22,27","02,09,11,18,21",12,"07,15",0.284,0.207,0.491
240,"09,10,22,26","05,08,14,27,30",16,"07,12",0.285,0.205,0.49
144,"08,14,22,26","04,10,18,27,30",12,"07,15",0.283,0.207,0.49
449,"09,10,22,27","02,06,16,20,33",01,"05,16",0.284,0.206,0.49
397,"14,18,20,27","02,06,10,21,33",15,"01,06",0.281,0.209,0.49
339,"08,14,19,26","02,03,20,22,30",06,"01,16",0.282,0.207,0.49
377,"09,20,26,27","06,08,14,16,33",01,"04,06",0.285,0.204,0.489
226,"09,20,26,27","08,11,14,22,29",03,"07,15",0.284,0.204,0.489
290,"08,14,19,27","02,04,06,09,21",04,"12,16",0.282,0.207,0.489
42,"10,14,19,22","03,06,09,20,21",16,"01,05",0.284,0.206,0.489
213,"06,14,19,27","16,20,22,26,31",06,"01,07",0.287,0.202,0.489
14,"06,14,18,26","04,05,09,20,27",16,"04,06",0.287,0.202,0.489
146,"02,08,09,27","04,10,11,20,22",16,"01,14",0.283,0.206,0.489
474,"14,18,22,27","08,09,23,26,30",11,"01,16",0.284,0.204,0.489
286,"09,14,22,26","02,05,19,20,33",01,"03,12",0.284,0.204,0.488
410,"06,20,22,26","04,08,18,27,30",08,"15,16",0.283,0.205,0.488
227,"02,19,20,26","06,18,22,23,29",03,"04,16",0.283,0.204,0.488
77,"09,14,19,27","06,10,11,26,30",08,"01,04",0.286,0.201,0.488
291,"06,10,20,27","08,18,19,23,31",15,"05,16",0.283,0.206,0.488
148,"06,18,19,27","04,05,10,20,22",15,"03,12",0.284,0.204,0.488
497,"09,18,19,26","06,10,11,14,28",04,"06,16",0.285,0.202,0.487
356,"10,19,22,26","08,09,18,28,33",15,"01,08",0.28,0.207,0.487
320,"09,19,20,26","08,10,21,22,29",04,"07,16",0.28,0.207,0.487
293,"06,14,22,26","02,08,27,28,33",04,"03,16",0.283,0.204,0.487
366,"06,08,09,20","14,16,18,27,29",01,"10,16",0.284,0.203,0.487
176,"06,08,09,20","11,14,18,19,28",03,"04,16",0.283,0.204,0.487
435,"08,10,14,22","04,06,18,27,31",01,"02,16",0.285,0.202,0.487
478,"02,14,19,26","08,18,21,22,30",01,"06,16",0.28,0.207,0.487
17,"06,08,14,22","02,03,09,16,27",01,"06,12",0.286,0.201,0.487
466,"02,10,20,22","09,11,26,27,31",12,"01,06",0.285,0.201,0.486
46,"02,08,09,26","04,10,14,22,33",14,"04,15",0.283,0.202,0.486
456,"02,06,08,20","09,10,14,21,28",16,"07,12",0.281,0.205,0.486
253,"09,18,20,22","02,05,08,10,28",01,"04,06",0.281,0.204,0.485
112,"06,10,22,27","02,05,08,09,16",16,"04,08",0.285,0.2,0.485
35,"06,08,10,22","09,11,18,19,33",05,"01,04",0.283,0.202,0.485
254,"08,14,19,26","06,11,18,27,28",06,"01,12",0.284,0.201,0.485
354,"06,19,26,27","14,18,20,21,30",16,"01,10",0.282,0.203,0.485
147,"02,14,20,27","10,18,19,21,29",15,"03,04",0.279,0.206,0.485
263,"06,10,19,27","03,05,08,09,26",05,"04,16",0.285,0.2,0.485
204,"06,19,20,26","02,11,14,21,22",07,"01,14",0.284,0.2,0.484
61,"06,09,18,22","03,05,10,19,20",08,"07,15",0.285,0.2,0.484
437,"06,09,10,27","02,05,08,16,22",04,"03,12",0.285,0.198,0.484
97,"06,08,20,26","03,14,18,19,31",14,"01,12",0.284,0.2,0.484
11,"19,22,26,27","02,11,18,20,33",01,"02,16",0.282,0.202,0.484
174,"06,08,19,22","03,05,10,14,26",01,"09,16",0.286,0.198,0.484
47,"02,09,20,22","05,14,19,26,33",04,"08,16",0.284,0.2,0.484
60,"10,20,22,26","06,09,27,30,31",02,"04,15",0.285,0.198,0.484
382,"06,09,18,19","02,08,27,31,33",14,"04,15",0.282,0.202,0.484
150,"02,08,14,27","04,20,22,26,28",04,"08,15",0.282,0.201,0.484
288,"02,06,10,26","09,18,19,23,31",01,"07,11",0.285,0.199,0.484
350,"08,10,18,27","09,20,23,26,30",15,"04,05",0.282,0.202,0.484
96,"10,14,19,22","02,06,20,21,30",06,"12,15",0.282,0.201,0.483
417,"02,09,10,20","03,11,18,22,26",14,"01,12",0.284,0.2,0.483
71,"06,09,19,20","03,08,18,27,33",01,"06,12",0.282,0.201,0.483
70,"09,10,14,19","02,08,16,23,27",10,"01,04",0.284,0.2,0.483
372,"06,09,10,14","04,08,21,22,26",14,"07,16",0.285,0.198,0.483
214,"02,10,18,27","08,11,22,26,31",06,"07,16",0.283,0.2,0.483
108,"06,18,19,20","02,09,16,27,33",01,"04,11",0.283,0.201,0.483
159,"14,18,26,27","02,05,08,22,28",04,"03,07",0.283,0.199,0.482
239,"02,08,09,26","06,10,22,28,30",10,"01,04",0.283,0.2,0.482
193,"02,22,26,27","06,14,16,20,31",15,"03,10",0.287,0.195,0.482
65,"02,08,09,18","04,10,22,27,31",15,"07,11",0.282,0.199,0.482
91,"02,14,19,20","04,10,18,26,29",15,"07,14",0.282,0.2,0.482
346,"08,10,18,27","11,14,19,22,33",05,"01,07",0.282,0.2,0.482
330,"02,18,20,26","06,09,27,28,30",16,"06,07",0.282,0.2,0.482
475,"06,10,19,27","02,05,08,14,28",06,"03,15",0.283,0.199,0.482
30,"10,14,18,27","06,08,20,21,29",01,"06,12",0.281,0.201,0.482
29,"02,10,26,27","05,14,18,19,33",07,"01,08",0.282,0.2,0.482
230,"02,10,18,26","08,09,27,28,30",04,"06,16",0.28,0.202,0.482
162,"10,14,20,27","02,06,18,28,30",01,"05,07",0.282,0.2,0.482
486,"08,18,19,27","02,03,10,11,14",06,"07,16",0.282,0.2,0.482
348,"02,09,18,20","03,10,19,22,23",07,"03,04",0.283,0.199,0.482
250,"06,09,10,20","02,11,19,22,31",15,"10,12",0.285,0.197,0.482
378,"08,10,14,27","04,09,11,18,19",15,"02,04",0.283,0.198,0.482
360,"09,14,18,20","03,04,06,08,26",02,"07,15",0.285,0.197,0.482
278,"06,18,19,26","02,08,10,16,29",05,"01,07",0.282,0.2,0.482
272,"08,14,18,19","06,11,22,26,31",08,"01,03",0.286,0.197,0.482
473,"06,09,10,26","02,03,19,27,30",01,"02,07",0.284,0.197,0.481
409,"02,19,20,22","06,09,18,23,28",07,"14,16",0.283,0.198,0.481
403,"02,10,14,19","05,18,22,26,33",13,"01,16",0.283,0.198,0.481
412,"09,14,19,26","04,10,18,22,29",06,"03,16",0.284,0.197,0.481
110,"06,10,18,19","09,11,14,27,28",02,"07,15",0.284,0.197,0.481
118,"06,09,14,18","20,22,23,27,30",04,"07,14",0.286,0.195,0.481
12,"06,09,14,20","18,19,21,26,33",04,"03,07",0.282,0.199,0.481
433,"02,06,09,14","20,26,27,28,31",04,"06,12",0.285,0.196,0.481
267,"09,10,22,26","04,06,14,27,33",15,"04,09",0.287,0.194,0.481
310,"10,14,19,27","06,16,18,26,33",07,"10,16",0.285,0.196,0.481
487,"08,10,20,22","02,11,14,16,18",01,"09,16",0.283,0.198,0.481
169,"02,22,26,27","08,09,10,21,33",13,"01,15",0.28,0.2,0.48
460,"08,10,19,20","06,09,11,22,31",07,"02,16",0.285,0.195,0.48
32,"09,18,20,26","08,10,14,16,31",03,"01,11",0.284,0.196,0.48
49,"06,14,19,22","02,20,27,30,33",03,"06,16",0.283,0.197,0.48
255,"09,10,22,26","02,14,18,29,30",03,"07,12",0.283,0.197,0.48
305,"18,19,22,26","04,10,14,27,28",03,"07,12",0.283,0.197,0.48
126,"02,09,20,26","14,18,19,28,30",06,"03,15",0.281,0.199,0.48
359,"02,06,08,20","09,19,26,29,33",15,"03,06",0.281,0.199,0.48
95,"02,06,19,22","05,08,11,20,27",07,"02,15",0.284,0.197,0.48
163,"08,14,19,22","04,09,20,26,33",12,"11,16",0.283,0.197,0.48
15,"02,18,26,27","06,10,11,19,30",15,"03,08",0.283,0.197,0.48
225,"02,14,22,26","05,06,08,20,30",07,"04,05",0.285,0.195,0.48
189,"02,20,22,26","05,08,18,21,27",04,"10,15",0.28,0.2,0.48
270,"08,10,19,27","14,20,22,28,33",04,"02,15",0.28,0.198,0.479
398,"09,14,20,26","04,05,06,08,22",10,"06,15",0.287,0.192,0.479
405,"09,14,22,26","02,10,11,19,33",04,"07,14",0.284,0.195,0.479
443,"06,10,14,18","02,19,21,26,30",03,"06,16",0.282,0.197,0.479
1,"06,19,20,26","02,04,09,16,27",04,"09,15",0.285,0.194,0.479
149,"02,19,20,22","08,09,10,11,33",07,"01,10",0.281,0.198,0.479
6,"06,10,19,26","05,18,22,23,27",06,"05,16",0.286,0.193,0.479
164,"02,10,20,27","06,08,19,29,33",15,"12,14",0.28,0.2,0.479
67,"06,10,22,26","02,09,14,29,31",12,"07,14",0.286,0.192,0.479
80,"08,14,18,19","04,06,09,20,23",15,"05,06",0.285,0.195,0.479
333,"14,18,19,26","06,09,20,23,31",07,"01,13",0.286,0.192,0.479
300,"06,19,22,27","02,08,11,16,26",04,"09,15",0.285,0.194,0.479
298,"02,08,10,19","06,20,22,29,30",10,"04,16",0.281,0.198,0.479
308,"10,14,20,22","06,19,23,27,29",12,"04,05",0.285,0.194,0.479
160,"06,09,14,22","02,03,05,08,20",11,"04,07",0.286,0.194,0.479
182,"10,14,22,27","06,08,11,20,28",03,"02,15",0.284,0.194,0.478
380,"06,10,14,22","16,18,19,20,21",16,"03,08",0.283,0.195,0.478
304,"09,10,18,22","03,06,11,26,27",04,"03,05",0.286,0.192,0.478
294,"06,10,20,27","02,19,23,26,33",03,"01,10",0.283,0.195,0.478
440,"02,08,18,22","04,10,19,21,27",06,"01,03",0.279,0.199,0.478
106,"06,09,14,27","16,18,20,26,33",12,"05,07",0.285,0.192,0.478
172,"06,09,10,20","03,11,14,26,27",01,"10,14",0.287,0.191,0.478
494,"08,22,26,27","05,09,10,20,23",04,"07,11",0.285,0.194,0.478
275,"08,09,10,26","06,11,18,19,33",01,"06,14",0.283,0.195,0.478
245,"14,19,26,27","02,10,11,16,18",12,"04,05",0.284,0.194,0.478
235,"09,10,18,19","08,14,21,23,27",03,"06,16",0.281,0.197,0.478
476,"02,06,10,22","18,19,27,28,33",03,"01,08",0.281,0.197,0.477
448,"06,19,20,22","02,04,18,23,26",08,"01,14",0.284,0.192,0.477
388,"08,10,14,19","04,05,22,26,27",07,"04,10",0.285,0.192,0.477
127,"18,20,22,26","03,04,06,09,19",15,"09,12",0.285,0.192,0.477
100,"02,08,09,18","06,10,19,21,31",15,"03,08",0.281,0.197,0.477
299,"06,10,14,26","02,03,08,16,27",01,"12,13",0.285,0.192,0.477
342,"09,10,19,20","06,08,26,29,33",05,"04,07",0.282,0.195,0.477
93,"08,10,14,18","05,09,19,26,33",15,"04,13",0.283,0.194,0.477
86,"09,14,20,26","04,18,22,27,29",07,"01,09",0.284,0.192,0.477
321,"09,19,20,22","03,05,10,26,27",15,"07,13",0.285,0.192,0.477
284,"09,18,22,27","06,10,11,20,31",05,"11,15",0.286,0.192,0.477
220,"06,14,22,26","02,09,11,18,29",11,"07,12",0.286,0.191,0.477
244,"02,08,10,26","06,14,19,29,30",15,"03,10",0.282,0.195,0.477
251,"06,20,22,27","02,03,08,09,21",15,"06,14",0.282,0.195,0.477
483,"06,10,18,20","04,19,26,27,30",03,"04,06",0.283,0.194,0.477
186,"02,18,19,27","05,06,09,10,23",05,"08,15",0.284,0.192,0.477
180,"08,09,14,19","22,23,26,27,30",08,"14,15",0.284,0.192,0.477
179,"02,09,18,26","03,06,08,20,33",12,"06,07",0.282,0.194,0.477
493,"09,22,26,27","03,06,08,19,29",06,"11,16",0.284,0.192,0.476
192,"06,20,22,27","03,10,18,19,33",11,"04,12",0.282,0.193,0.476
451,"06,10,18,26","02,05,14,20,23",16,"11,14",0.286,0.19,0.476
276,"10,14,19,26","02,16,20,22,30",07,"01,13",0.284,0.192,0.476
338,"08,18,20,26","02,14,22,28,30",10,"03,15",0.281,0.195,0.476
341,"08,10,20,27","02,04,09,11,18",13,"04,15",0.282,0.194,0.476
347,"10,18,19,26","02,06,08,23,29",08,"06,15",0.282,0.194,0.476
479,"06,10,20,27","05,14,18,22,30",16,"05,08",0.285,0.191,0.476
26,"06,09,10,22","05,08,18,26,33",02,"06,15",0.284,0.191,0.476
318,"09,10,14,18","06,19,21,22,33",16,"03,10",0.283,0.193,0.476
399,"02,08,14,22","06,10,27,29,30",06,"03,04",0.283,0.194,0.476
384,"02,06,10,22","05,16,18,20,26",12,"07,11",0.285,0.191,0.476
248,"06,09,14,19","02,04,23,26,27",02,"01,05",0.286,0.19,0.476
210,"06,08,09,10","04,14,19,20,23",14,"01,10",0.285,0.191,0.476
219,"02,09,20,22","08,11,14,19,31",04,"07,10",0.284,0.192,0.476
155,"09,10,20,27","02,04,14,19,30",04,"08,12",0.283,0.194,0.476
416,"06,18,22,27","10,14,19,21,33",11,"01,06",0.282,0.194,0.476
203,"02,09,10,18","06,16,22,27,30",11,"08,15",0.284,0.191,0.476
197,"08,18,19,20","04,09,14,22,33",04,"12,14",0.282,0.194,0.476
128,"02,10,14,22","06,11,16,18,19",03,"04,11",0.285,0.191,0.476
3,"10,19,22,27","06,08,11,20,21",04,"01,13",0.282,0.194,0.476
489,"02,09,19,22","03,06,10,16,26",05,"10,15",0.286,0.191,0.476
229,"06,08,20,22","14,19,26,31,33",14,"01,10",0.284,0.191,0.475
314,"06,08,10,22","09,18,19,21,33",10,"01,03",0.281,0.195,0.475
109,"09,14,18,20","02,06,22,29,31",16,"06,10",0.285,0.191,0.475
277,"02,06,10,20","08,09,14,23,31",03,"05,07",0.285,0.19,0.475
94,"02,08,20,27","04,10,11,14,18",16,"06,14",0.282,0.193,0.475
34,"02,10,18,20","03,06,22,26,30",08,"11,15",0.283,0.191,0.475
394,"02,06,19,22","08,11,20,23,27",12,"07,11",0.284,0.191,0.475
45,"06,08,10,20","11,22,26,27,30",02,"04,12",0.284,0.191,0.475
165,"09,19,26,27","04,08,10,16,22",08,"05,16",0.284,0.191,0.475
185,"02,10,14,19","09,20,22,23,30",14,"01,11",0.284,0.192,0.475
21,"02,08,14,26","06,16,19,20,23",06,"04,14",0.285,0.19,0.474
458,"09,10,18,22","02,04,20,27,29",06,"08,16",0.282,0.192,0.474
496,"06,14,18,26","10,11,19,21,22",02,"06,16",0.284,0.19,0.474
105,"08,10,18,19","11,16,20,22,27",12,"07,08",0.282,0.192,0.474
490,"09,20,22,26","05,14,19,21,27",07,"03,05",0.284,0.19,0.474
485,"06,18,19,20","05,08,14,21,27",04,"13,16",0.282,0.192,0.474
107,"06,14,20,26","02,03,08,09,31",02,"11,15",0.285,0.188,0.474
334,"02,09,22,26","06,08,20,21,33",01,"08,14",0.281,0.192,0.474
247,"08,10,20,26","06,11,18,22,30",10,"07,12",0.284,0.19,0.474
407,"02,06,09,20","03,19,26,27,30",10,"01,08",0.284,0.19,0.474
208,"18,20,26,27","05,08,10,16,19",15,"12,13",0.282,0.192,0.474
391,"02,06,20,26","05,10,22,27,33",03,"01,09",0.284,0.19,0.474
89,"08,18,22,27","04,10,14,20,23",07,"10,12",0.283,0.19,0.474
383,"06,19,22,27","10,14,16,18,33",01,"10,11",0.285,0.19,0.474
19,"06,14,19,20","22,26,27,29,33",15,"03,09",0.284,0.19,0.473
457,"08,19,22,26","03,09,16,18,20",07,"10,12",0.283,0.19,0.473
205,"09,19,20,22","10,14,23,27,33",11,"10,15",0.284,0.19,0.473
429,"02,14,22,26","09,18,20,28,33",06,"03,12",0.282,0.191,0.473
183,"02,08,14,19","18,20,23,26,33",08,"03,04",0.281,0.191,0.473
232,"14,20,26,27","02,09,16,18,28",11,"05,16",0.283,0.19,0.473
50,"08,18,20,27","02,05,14,26,28",07,"02,04",0.281,0.191,0.473
57,"06,14,19,27","02,10,11,20,28",01,"03,13",0.283,0.19,0.473
55,"10,18,22,27","02,09,21,26,33",07,"12,14",0.281,0.192,0.473
355,"14,18,22,27","10,20,26,30,31",07,"02,12",0.284,0.189,0.473
268,"02,08,18,20","04,05,19,22,26",02,"04,12",0.282,0.191,0.473
84,"10,20,26,27","06,14,19,28,33",01,"08,10",0.283,0.19,0.473
422,"02,20,26,27","05,06,09,19,29",10,"05,16",0.284,0.189,0.473
303,"18,20,22,27","05,06,14,26,30",06,"13,15",0.286,0.187,0.473
123,"02,09,14,19","06,11,22,27,33",06,"05,07",0.285,0.188,0.473
329,"14,18,19,22","05,06,09,26,31",06,"07,10",0.287,0.185,0.473
16,"02,06,08,27","10,11,22,26,31",08,"10,16",0.285,0.188,0.473
122,"02,06,18,27","09,19,21,26,29",11,"05,15",0.281,0.192,0.473
455,"10,14,20,26","02,06,08,11,23",04,"07,09",0.285,0.187,0.472
453,"02,06,09,22","08,11,18,27,28",14,"04,06",0.283,0.19,0.472
464,"09,18,19,22","02,10,23,26,29",15,"03,13",0.283,0.19,0.472
309,"02,06,09,18","10,14,16,20,33",05,"06,07",0.284,0.188,0.472
445,"06,10,22,27","03,14,20,26,33",10,"02,15",0.285,0.187,0.472
386,"08,09,14,18","05,06,20,22,30",10,"03,12",0.285,0.187,0.472
41,"09,10,20,27","02,06,16,26,28",03,"11,12",0.284,0.188,0.472
369,"08,09,18,27","02,10,16,22,28",14,"01,10",0.281,0.191,0.472
281,"09,14,22,27","02,06,19,30,31",07,"06,11",0.285,0.187,0.472
260,"06,08,18,22","02,04,19,20,28",14,"01,10",0.281,0.191,0.472
134,"02,08,14,19","05,10,16,20,26",03,"07,11",0.283,0.189,0.472
425,"06,10,19,22","02,08,21,23,26",15,"10,11",0.282,0.19,0.472
223,"02,10,14,27","03,08,18,22,30",05,"11,16",0.282,0.19,0.472
480,"18,20,22,27","05,06,10,23,26",05,"07,14",0.286,0.186,0.472
153,"02,18,20,22","09,10,21,27,31",08,"05,16",0.281,0.191,0.472
33,"02,08,14,26","10,21,22,27,33",04,"02,07",0.281,0.191,0.472
471,"06,10,14,19","02,18,22,29,30",15,"03,13",0.283,0.19,0.472
0,"10,14,18,22","02,20,23,27,29",12,"03,11",0.283,0.188,0.471
462,"06,09,18,19","08,22,26,28,31",05,"06,12",0.283,0.187,0.471
156,"06,10,22,27","02,08,14,23,33",04,"07,13",0.284,0.187,0.471
218,"02,09,14,20","10,22,27,30,31",12,"05,06",0.284,0.187,0.471
157,"06,10,19,20","03,08,14,18,28",02,"05,15",0.282,0.19,0.471
363,"02,08,09,27","10,18,22,28,33",07,"02,04",0.28,0.191,0.471
101,"02,10,18,22","08,09,16,26,30",16,"08,10",0.283,0.188,0.471
292,"08,14,18,22","03,09,20,27,31",06,"01,09",0.284,0.187,0.471
121,"09,20,22,27","04,08,14,18,21",03,"05,12",0.282,0.19,0.471
361,"02,14,18,22","06,16,19,27,33",02,"10,15",0.284,0.187,0.471
140,"06,09,26,27","02,14,21,22,33",06,"04,10",0.284,0.187,0.471
396,"02,08,18,20","11,22,26,27,28",07,"03,05",0.281,0.19,0.471
392,"08,09,10,22","18,19,27,29,31",02,"05,15",0.281,0.19,0.471
252,"06,10,14,18","04,05,09,26,27",04,"02,11",0.287,0.183,0.47
470,"09,14,20,22","08,19,27,30,33",11,"03,12",0.282,0.188,0.47
279,"09,10,20,22","11,14,18,19,33",04,"05,11",0.283,0.187,0.47
316,"06,08,19,26","10,16,20,22,29",04,"05,08",0.283,0.187,0.47
111,"08,14,19,26","02,04,06,16,22",04,"10,11",0.286,0.184,0.47
280,"02,09,19,27","05,11,14,22,26",11,"12,14",0.286,0.184,0.47
243,"06,14,20,26","08,10,11,19,23",08,"05,12",0.285,0.185,0.47
158,"09,10,18,19","14,16,22,26,29",14,"09,15",0.284,0.185,0.47
401,"09,10,14,26","02,11,18,23,27",07,"09,12",0.285,0.185,0.47
206,"02,14,19,20","10,11,22,27,28",09,"03,16",0.282,0.188,0.47
209,"06,10,18,20","09,14,19,31,33",02,"03,07",0.284,0.187,0.47
426,"18,19,20,22","02,03,09,26,28",10,"05,16",0.282,0.189,0.47
154,"09,10,14,26","04,20,21,22,27",06,"02,04",0.284,0.186,0.47
231,"02,10,18,27","03,06,14,21,22",12,"05,06",0.283,0.187,0.47
351,"02,06,10,14","05,08,18,27,29",12,"04,09",0.283,0.187,0.469
37,"02,10,19,27","04,08,09,26,30",08,"04,14",0.282,0.187,0.469
430,"02,10,14,18","05,08,20,22,31",02,"03,07",0.283,0.187,0.469
431,"09,10,22,26","06,16,19,27,33",07,"08,11",0.285,0.184,0.469
234,"08,14,18,20","05,06,10,26,30",07,"06,10",0.284,0.185,0.469
139,"08,10,22,27","02,04,11,14,18",05,"07,14",0.283,0.186,0.469
141,"10,18,22,27","02,04,06,19,31",14,"07,08",0.284,0.185,0.469
23,"10,20,26,27","05,06,14,19,21",14,"08,12",0.284,0.185,0.469
477,"02,08,10,26","05,14,21,22,27",15,"06,13",0.282,0.187,0.469
328,"06,10,18,20","03,08,19,26,29",08,"04,14",0.282,0.187,0.469
87,"02,18,20,22","04,06,19,27,29",06,"12,14",0.282,0.187,0.469
362,"06,08,10,22","02,16,26,27,33",07,"06,10",0.284,0.185,0.469
119,"08,10,14,26","09,21,22,27,29",06,"01,09",0.282,0.187,0.469
283,"06,10,18,22","14,19,20,23,33",13,"06,16",0.284,0.185,0.469
349,"09,14,22,26","05,10,19,27,31",08,"07,10",0.286,0.183,0.469
64,"06,19,20,27","02,09,10,23,29",04,"11,14",0.283,0.187,0.469
322,"06,09,20,22","02,08,23,26,29",14,"04,10",0.284,0.185,0.469
419,"08,09,19,20","04,06,14,27,33",15,"05,09",0.284,0.185,0.469
224,"06,09,14,26","18,19,22,28,29",14,"05,12",0.284,0.185,0.469
78,"06,10,14,26","09,20,22,28,29",11,"07,08",0.285,0.184,0.469
266,"08,10,22,26","06,20,27,28,33",02,"08,16",0.282,0.187,0.469
76,"08,19,26,27","05,09,11,14,22",08,"13,16",0.286,0.183,0.469
20,"06,09,10,26","03,08,11,14,18",12,"10,11",0.286,0.182,0.468
130,"08,10,19,20","14,22,23,27,33",13,"01,05",0.282,0.185,0.468
129,"02,20,22,27","08,10,16,23,26",14,"03,06",0.283,0.185,0.468
242,"02,08,09,27","04,06,16,19,20",07,"11,14",0.283,0.185,0.468
63,"20,22,26,27","04,06,08,14,21",15,"08,13",0.284,0.185,0.468
446,"08,20,22,26","02,10,19,21,28",05,"02,15",0.278,0.19,0.468
201,"09,14,20,27","06,18,23,26,30",06,"04,13",0.286,0.182,0.468
207,"02,08,26,27","18,20,22,23,31",05,"04,10",0.283,0.185,0.468
215,"10,18,22,27","05,08,14,20,29",05,"09,15",0.282,0.185,0.468
438,"14,18,19,20","02,09,16,22,30",13,"14,15",0.283,0.185,0.468
441,"02,06,08,10","03,16,18,20,22",12,"05,14",0.283,0.185,0.468
352,"06,19,22,27","08,09,18,28,29",04,"09,12",0.281,0.187,0.468
271,"02,06,20,27","09,14,19,29,30",14,"01,09",0.283,0.185,0.468
75,"10,14,19,20","06,09,22,29,33",12,"07,09",0.284,0.185,0.468
317,"02,09,10,14","08,16,20,22,29",08,"01,09",0.283,0.185,0.468
10,"09,20,22,27","08,10,18,28,31",06,"09,15",0.281,0.187,0.468
5,"02,18,26,27","06,08,16,20,21",02,"08,16",0.281,0.187,0.468
9,"02,14,19,20","04,09,18,26,29",04,"08,10",0.282,0.185,0.467
467,"09,10,26,27","02,06,14,23,29",06,"04,13",0.286,0.182,0.467
13,"06,14,19,20","03,04,09,10,18",03,"12,13",0.285,0.182,0.467
469,"06,08,20,26","03,09,18,22,30",13,"14,16",0.284,0.184,0.467
323,"06,08,19,22","14,16,18,20,28",02,"04,14",0.283,0.184,0.467
289,"08,10,20,27","02,05,09,14,31",08,"13,16",0.284,0.183,0.467
167,"02,18,19,27","05,06,10,20,21",06,"11,12",0.281,0.186,0.467
450,"10,19,20,27","04,08,09,18,21",11,"10,16",0.279,0.188,0.467
195,"02,06,09,22","08,19,23,26,31",13,"04,06",0.285,0.182,0.467
373,"02,10,14,20","05,08,09,23,26",05,"02,07",0.284,0.182,0.467
371,"19,22,26,27","06,08,10,23,29",05,"09,16",0.284,0.184,0.467
53,"02,06,08,22","04,18,23,26,27",07,"02,05",0.284,0.182,0.467
56,"08,09,14,19","18,21,22,26,30",08,"05,07",0.281,0.185,0.467
365,"02,09,10,18","08,14,22,23,30",06,"02,12",0.283,0.184,0.467
143,"09,10,19,20","06,14,27,30,33",04,"02,08",0.283,0.184,0.467
337,"06,14,20,27","08,09,19,29,30",02,"04,14",0.283,0.184,0.467
115,"06,10,22,27","16,18,20,26,33",12,"08,10",0.284,0.182,0.467
168,"02,06,09,26","04,08,14,20,33",09,"01,10",0.284,0.183,0.467
212,"06,10,26,27","03,14,18,20,31",02,"13,15",0.286,0.182,0.467
173,"09,10,20,27","02,11,18,22,29",14,"07,08",0.282,0.185,0.467
175,"06,10,19,22","04,08,18,21,26",01,"05,13",0.282,0.185,0.467
273,"02,09,18,20","08,10,11,14,29",08,"09,15",0.282,0.185,0.466
315,"08,10,20,26","02,09,14,28,29",15,"13,14",0.281,0.185,0.466
28,"08,14,20,26","05,19,22,27,29",01,"10,13",0.283,0.183,0.466
488,"06,08,09,22","03,10,14,27,29",08,"02,12",0.285,0.181,0.466
170,"02,09,20,27","10,11,22,26,33",13,"03,07",0.283,0.182,0.466
184,"08,14,22,26","03,06,20,27,29",04,"06,13",0.285,0.182,0.466
68,"02,06,18,27","08,09,26,29,33",11,"05,12",0.282,0.184,0.466
114,"09,10,26,27","05,08,19,20,30",15,"09,11",0.282,0.184,0.466
79,"08,09,18,19","02,03,06,10,28",09,"14,15",0.281,0.185,0.466
375,"02,08,10,26","03,09,20,22,28",15,"08,13",0.282,0.185,0.466
269,"06,08,18,27","02,05,10,22,33",09,"14,16",0.282,0.184,0.466
152,"06,08,10,20","02,09,11,16,18",02,"05,07",0.284,0.182,0.466
326,"06,08,18,22","02,11,19,26,30",10,"12,14",0.283,0.183,0.466
82,"08,09,18,27","02,04,10,22,28",05,"12,14",0.281,0.185,0.466
434,"10,20,22,27","02,04,05,06,08",06,"04,09",0.284,0.182,0.465
222,"10,20,26,27","08,09,16,22,33",13,"11,16",0.283,0.182,0.465
233,"10,19,22,27","08,09,11,26,29",10,"07,11",0.283,0.182,0.465
51,"08,18,20,22","02,06,11,23,26",05,"03,10",0.284,0.181,0.465
379,"10,14,22,27","02,11,19,20,28",16,"08,13",0.282,0.183,0.465
374,"10,14,20,22","02,09,19,30,33",14,"10,12",0.282,0.183,0.465
340,"09,19,20,22","02,10,18,29,30",14,"08,12",0.28,0.185,0.465
344,"08,18,19,26","02,10,14,30,33",15,"08,13",0.28,0.185,0.465
98,"06,10,14,26","02,03,16,20,22",07,"13,14",0.286,0.178,0.465
295,"02,09,19,22","04,08,14,18,28",02,"04,08",0.282,0.184,0.465
319,"09,19,22,26","02,05,08,27,29",10,"01,13",0.282,0.183,0.465
492,"10,14,20,22","02,11,18,19,31",02,"03,06",0.283,0.181,0.465
481,"02,06,18,22","05,14,23,26,27",05,"07,13",0.287,0.178,0.465
402,"06,10,18,19","02,09,22,23,31",03,"05,10",0.285,0.181,0.465
495,"06,10,18,19","08,16,20,23,27",05,"02,12",0.283,0.182,0.465
408,"19,22,26,27","10,11,14,20,21",01,"02,09",0.283,0.182,0.465
241,"10,14,19,26","02,16,18,27,28",03,"07,09",0.282,0.182,0.465
217,"08,09,19,20","02,05,10,18,29",13,"05,15",0.28,0.185,0.465
161,"09,10,18,22","08,19,21,27,30",08,"04,11",0.279,0.186,0.465
447,"08,09,10,19","02,14,20,30,33",04,"03,13",0.28,0.184,0.465
27,"06,10,26,27","02,16,18,20,28",09,"10,16",0.283,0.181,0.464
72,"09,14,20,27","03,06,10,18,29",09,"04,05",0.284,0.18,0.464
259,"02,06,14,22","11,19,21,26,27",09,"06,07",0.284,0.18,0.464
36,"02,08,09,18","04,19,22,27,29",12,"02,06",0.281,0.184,0.464
194,"09,20,22,26","02,18,19,29,31",05,"02,12",0.282,0.182,0.464
40,"08,09,10,20","02,11,21,22,26",02,"07,14",0.281,0.182,0.464
432,"09,20,26,27","04,10,18,22,28",12,"02,14",0.283,0.182,0.464
257,"02,09,10,14","04,08,18,22,29",01,"02,13",0.282,0.182,0.464
256,"08,09,18,19","02,04,10,14,23",06,"04,13",0.283,0.182,0.464
385,"02,08,18,22","06,10,14,29,33",12,"03,13",0.282,0.182,0.464
282,"08,22,26,27","02,04,06,19,31",13,"02,16",0.284,0.18,0.464
24,"06,14,18,26","02,05,22,23,27",03,"06,09",0.287,0.177,0.464
472,"02,06,09,27","10,19,20,30,31",02,"08,12",0.283,0.181,0.464
427,"02,10,19,27","05,14,20,26,33",03,"05,10",0.283,0.181,0.463
145,"09,14,19,20","02,04,06,11,22",12,"08,13",0.286,0.177,0.463
262,"09,14,22,26","02,03,16,18,27",13,"07,11",0.286,0.177,0.463
436,"10,18,22,26","04,08,11,14,19",12,"02,10",0.284,0.179,0.463
439,"02,19,22,27","09,10,18,21,28",08,"02,04",0.279,0.184,0.463
81,"02,14,18,20","08,19,22,28,33",03,"04,09",0.279,0.184,0.463
428,"02,14,19,26","05,09,10,11,27",12,"05,13",0.285,0.178,0.463
306,"02,08,14,27","05,18,22,26,29",13,"02,16",0.283,0.18,0.463
125,"02,08,10,19","14,20,26,28,33",11,"03,14",0.28,0.182,0.462
59,"06,09,14,20","02,11,18,19,23",05,"08,11",0.285,0.177,0.462
468,"06,09,10,18","19,21,22,26,29",05,"04,13",0.282,0.18,0.462
404,"10,14,19,22","02,18,21,23,26",13,"04,05",0.282,0.18,0.462
424,"06,18,20,22","02,03,05,09,26",11,"12,13",0.285,0.176,0.462
461,"08,09,18,22","10,14,27,28,30",06,"07,09",0.282,0.18,0.462
211,"09,10,14,18","04,19,21,26,27",05,"04,13",0.282,0.18,0.462
120,"06,19,20,22","09,18,23,27,33",07,"05,13",0.284,0.178,0.462
274,"02,09,20,26","06,19,23,27,30",03,"02,11",0.284,0.178,0.462
38,"06,14,26,27","04,11,18,19,22",06,"02,11",0.287,0.176,0.462
420,"06,09,14,26","02,03,08,22,28",11,"06,10",0.285,0.177,0.462
216,"06,08,10,26","14,18,19,23,33",12,"08,09",0.284,0.177,0.461
484,"06,09,19,20","04,10,14,27,31",10,"07,13",0.286,0.176,0.461
25,"08,09,22,26","05,06,18,20,28",13,"12,14",0.284,0.178,0.461
136,"06,08,14,18","19,21,22,26,28",08,"04,13",0.282,0.179,0.461
69,"09,20,22,26","06,08,10,16,23",10,"11,14",0.286,0.175,0.461
238,"02,06,14,19","03,08,09,21,27",13,"04,11",0.282,0.179,0.461
178,"08,10,18,22","02,09,19,21,30",07,"10,11",0.279,0.182,0.461
198,"14,19,20,26","06,09,18,21,33",14,"05,08",0.282,0.178,0.461
311,"02,08,18,27","09,10,14,21,33",04,"06,13",0.279,0.182,0.461
249,"10,14,18,19","06,16,20,22,23",10,"05,08",0.286,0.176,0.461
264,"02,06,09,26","08,18,22,23,29",14,"05,10",0.284,0.176,0.46
92,"10,18,22,27","06,08,11,14,31",14,"02,11",0.285,0.174,0.46
285,"02,06,09,18","08,10,11,19,23",02,"04,09",0.283,0.176,0.46
332,"09,14,18,20","02,22,23,27,29",11,"05,08",0.283,0.177,0.46
482,"02,10,14,26","03,09,19,20,33",12,"05,09",0.283,0.178,0.46
297,"09,10,18,26","04,20,22,27,30",09,"08,12",0.283,0.177,0.46
90,"06,10,19,20","08,18,22,23,33",09,"07,14",0.282,0.178,0.46
414,"02,06,18,26","14,19,21,22,23",10,"07,09",0.284,0.176,0.46
499,"02,10,19,20","06,11,14,18,28",06,"03,09",0.283,0.177,0.46
2,"02,06,08,10","09,18,23,26,31",13,"10,12",0.284,0.175,0.46
357,"06,14,20,22","10,26,27,28,29",10,"07,09",0.284,0.176,0.46
236,"08,14,22,27","02,03,05,10,19",05,"08,11",0.283,0.177,0.46
370,"06,14,18,19","02,03,09,10,11",05,"10,11",0.285,0.175,0.46
395,"02,10,19,26","08,14,23,27,31",09,"08,12",0.283,0.177,0.46
138,"02,14,18,27","10,22,26,29,33",05,"09,12",0.282,0.178,0.46
88,"06,08,09,26","10,14,19,21,29",13,"07,08",0.282,0.178,0.46
336,"02,08,14,18","03,06,09,20,29",14,"05,10",0.283,0.176,0.459
491,"02,06,26,27","05,08,09,22,29",14,"02,08",0.284,0.175,0.459
498,"02,10,18,19","06,08,21,26,31",06,"05,10",0.281,0.178,0.459
116,"09,20,22,26","08,18,19,29,33",13,"04,11",0.28,0.179,0.459
400,"14,19,20,22","09,10,21,26,30",05,"08,11",0.282,0.177,0.459
325,"02,10,14,22","03,05,08,09,20",13,"03,05",0.284,0.175,0.459
327,"14,18,19,26","02,08,10,30,31",05,"08,11",0.282,0.177,0.459
312,"02,14,19,27","10,16,21,22,26",13,"09,16",0.283,0.176,0.459
99,"02,06,19,22","11,20,26,27,33",03,"05,09",0.284,0.175,0.459
324,"08,14,22,26","05,06,09,16,18",02,"03,09",0.287,0.172,0.459
4,"02,06,20,22","08,09,19,29,33",03,"06,09",0.281,0.177,0.458
335,"06,10,19,27","04,09,20,22,33",02,"12,13",0.284,0.174,0.458
62,"09,20,22,27","05,08,14,19,31",05,"02,11",0.284,0.174,0.458
389,"08,19,20,22","02,03,06,14,33",12,"10,13",0.283,0.175,0.458
390,"08,14,19,26","04,10,21,22,27",11,"02,06",0.282,0.176,0.458
202,"08,18,26,27","10,19,20,21,31",05,"07,13",0.279,0.178,0.458
39,"02,06,18,27","14,20,21,22,29",03,"13,14",0.282,0.175,0.457
265,"09,14,19,27","08,11,20,21,22",11,"08,10",0.282,0.175,0.457
117,"06,08,10,18","04,19,22,27,28",03,"05,09",0.282,0.175,0.457
133,"08,18,20,22","02,05,11,14,26",02,"08,11",0.284,0.173,0.457
48,"06,10,14,20","02,03,19,22,31",05,"13,14",0.285,0.171,0.456
343,"06,08,09,26","10,18,20,21,33",09,"03,14",0.281,0.175,0.456
200,"02,08,14,19","05,10,20,22,33",13,"02,12",0.282,0.174,0.456
124,"02,10,22,26","03,09,18,27,29",02,"10,14",0.283,0.173,0.456
307,"06,20,22,26","02,09,23,27,33",05,"13,14",0.285,0.171,0.456
418,"06,09,22,27","08,16,18,19,29",09,"03,10",0.283,0.173,0.456
237,"08,09,18,27","10,19,21,26,29",08,"02,06",0.279,0.176,0.456
74,"02,08,14,18","04,09,10,26,28",14,"02,10",0.282,0.173,0.455
381,"10,18,19,27","08,11,20,26,29",02,"12,13",0.281,0.174,0.455
187,"09,10,26,27","04,06,14,22,31",02,"09,14",0.288,0.167,0.455
302,"02,08,18,22","06,10,11,27,31",08,"05,09",0.284,0.17,0.454
135,"08,10,18,19","03,09,14,22,29",11,"06,13",0.282,0.172,0.454
44,"06,09,19,26","02,10,16,18,21",14,"05,13",0.283,0.171,0.454
54,"06,14,20,27","09,16,18,26,29",02,"13,14",0.286,0.167,0.453
181,"02,18,19,26","03,06,08,22,28",14,"05,13",0.282,0.171,0.453
459,"02,06,08,09","10,23,26,27,28",08,"11,13",0.283,0.169,0.453
102,"06,08,19,27","02,09,18,29,33",10,"03,13",0.28,0.173,0.453
83,"18,20,26,27","02,06,11,21,22",13,"05,11",0.283,0.17,0.453
345,"19,20,22,26","06,14,23,27,28",03,"09,13",0.285,0.167,0.453
52,"02,06,08,20","05,10,14,27,28",02,"06,09",0.283,0.169,0.452
442,"06,10,20,22","02,08,18,23,33",08,"05,13",0.282,0.17,0.452
413,"06,08,14,18","02,03,09,11,27",13,"02,08",0.285,0.167,0.452
22,"06,19,20,26","08,10,18,28,29",03,"02,13",0.28,0.172,0.452
367,"14,18,20,26","02,04,08,21,22",11,"05,13",0.281,0.17,0.451
246,"10,14,18,26","08,16,20,21,27",05,"09,11",0.281,0.17,0.451
421,"10,14,19,20","04,09,18,27,31",02,"05,13",0.284,0.167,0.451
58,"06,14,19,22","04,08,20,21,26",11,"10,13",0.283,0.167,0.451
85,"02,09,18,19","05,10,14,20,31",13,"02,08",0.283,0.167,0.45
444,"06,09,14,26","10,20,22,23,31",13,"09,11",0.288,0.162,0.45
131,"02,10,22,27","03,08,09,18,33",05,"09,10",0.281,0.169,0.45
191,"02,08,19,27","09,20,26,30,33",05,"09,11",0.28,0.17,0.45
261,"09,10,20,26","04,19,22,27,28",02,"11,13",0.283,0.166,0.449
177,"02,09,10,19","08,11,14,20,28",13,"08,10",0.281,0.168,0.449
406,"08,14,18,19","03,09,10,16,20",02,"11,13",0.283,0.166,0.449
66,"02,06,09,19","08,14,18,21,28",14,"09,10",0.28,0.169,0.449
287,"08,10,18,22","14,20,27,28,33",10,"09,11",0.28,0.167,0.448
258,"02,09,22,27","06,08,16,20,23",13,"09,14",0.285,0.163,0.448
31,"10,14,22,27","03,09,19,20,29",05,"09,13",0.283,0.163,0.447
137,"18,20,26,27","05,08,19,22,30",02,"09,10",0.282,0.165,0.447
103,"08,10,22,27","05,14,20,23,26",10,"09,13",0.285,0.161,0.446
18,"06,10,20,27","02,03,19,26,31",13,"09,11",0.284,0.162,0.446
364,"02,08,26,27","09,10,19,21,23",09,"13,14",0.281,0.163,0.444
353,"06,08,10,20","09,14,18,31,33",13,"02,09",0.283,0.16,0.443
368,"06,08,14,26","02,03,18,21,27",09,"02,13",0.282,0.16,0.442
